customer_id,first_name,last_name,gender,age,signup_date,region,age_group
C0000,Patrick,Morgan,Male,18,11-07-2024,South,Young Adult
C0001,Eric,Lee,Other,36,20-09-2020,East,Middle-aged
C0002,Thomas,Pena,Female,44,07-03-2021,East,Middle-aged
C0003,Dalton,Duran,Male,24,29-08-2021,South,Young Adult
C0004,Travis,Mcclain,Male,50,29-03-2023,South,Middle-aged
C0005,Brian,Kelley,Male,68,21-11-2024,North,Senior
C0006,Alyssa,Sandoval,Female,47,08-02-2025,North,Middle-aged
C0007,Theresa,Wright,Male,70,08-12-2022,South,Senior
C0008,Alyssa,Estrada,Male,48,22-08-2023,East,Middle-aged
C0009,Karen,Clark,Female,62,31-05-2023,East,Senior
C0010,Christina,Scott,Male,70,04-06-2021,West,Senior
C0011,John,Franklin,Other,51,30-06-2020,East,Senior
C0012,Jerome,Jones,Male,63,06-06-2020,East,Senior
C0013,Richard,Barnes,Male,65,15-06-2020,North,Senior
C0014,Anna,Bennett,Male,26,28-06-2020,South,Adult
C0015,Anne,Greer,Other,32,18-09-2020,East,Adult
C0016,Sabrina,Carey,Male,31,21-09-2022,South,Adult
C0017,Crystal,Adkins,Male,45,30-07-2024,North,Middle-aged
C0018,Amanda,Riley,Male,19,21-01-2023,West,Young Adult
C0019,Jose,Arellano,Female,20,19-05-2020,South,Young Adult
C0020,Michelle,Adkins,Male,20,28-04-2021,North,Young Adult
C0021,Courtney,Roth,Female,25,29-12-2022,East,Young Adult
C0022,John,Le,Male,22,27-11-2024,East,Young Adult
C0023,Patricia,Stephens,Other,44,30-09-2020,North,Middle-aged
C0024,Amber,Higgins,Male,56,13-01-2023,South,Senior
C0025,Sharon,Montes,Other,30,17-12-2022,South,Adult
C0026,Vincent,Henry,Other,40,15-09-2024,North,Middle-aged
C0027,Ray,Ross,Male,27,17-12-2021,East,Adult
C0028,Kylie,Long,Other,40,16-09-2023,East,Middle-aged
C0029,Nancy,Murphy,Male,50,14-09-2021,South,Middle-aged
C0030,Craig,Matthews,Other,54,06-05-2022,North,Senior
C0031,Melanie,Patterson,Male,70,27-04-2023,North,Senior
C0032,John,Frazier,Other,31,01-07-2021,South,Adult
C0033,Charles,Jones,Female,28,27-07-2024,North,Adult
C0034,Shawn,Hall,Other,24,20-05-2022,South,Young Adult
C0035,James,Small,Other,63,13-01-2022,West,Senior
C0036,Anthony,Williams,Female,44,18-09-2023,South,Middle-aged
C0037,John,Silva,Female,61,09-05-2024,North,Senior
C0038,Jamie,Hopkins,Male,40,22-09-2024,West,Middle-aged
C0039,Jonathan,Brown,Female,31,20-08-2021,South,Adult
C0040,Jason,Lee,Female,25,23-05-2021,East,Young Adult
C0041,Jonathan,Kennedy,Male,47,16-05-2022,North,Middle-aged
C0042,Sherry,Torres,Other,26,19-07-2020,West,Adult
C0043,Kevin,Chavez,Female,63,13-02-2023,East,Senior
C0044,Bryan,Pollard,Other,64,14-12-2021,North,Senior
C0045,Allison,Pratt,Male,38,23-06-2023,West,Middle-aged
C0046,Edward,Green,Male,42,04-07-2021,East,Middle-aged
C0047,Michael,Brewer,Female,56,12-11-2024,East,Senior
C0048,Gregory,Ward,Other,46,06-09-2024,South,Middle-aged
C0049,Robert,Manning,Other,44,09-07-2024,East,Middle-aged
C0050,Robert,Wilcox,Female,30,11-04-2022,North,Adult
C0051,Kathy,Porter,Female,61,14-07-2023,East,Senior
C0052,Megan,Peterson,Male,18,13-03-2025,West,Young Adult
C0053,Matthew,Watson,Other,24,26-03-2024,West,Young Adult
C0054,Jorge,Jenkins,Female,51,24-07-2020,North,Senior
C0055,Carlos,Strickland,Male,44,25-01-2025,West,Middle-aged
C0056,Dawn,Guzman,Female,62,21-11-2022,North,Senior
C0057,Jennifer,Medina,Other,28,20-01-2023,North,Adult
C0058,Taylor,Patterson,Female,30,07-10-2024,East,Adult
C0059,Alison,Berger,Male,56,16-11-2020,West,Senior
C0060,Todd,Boyd,Male,32,06-09-2022,West,Adult
C0061,Molly,Johnson,Other,49,28-12-2021,East,Middle-aged
C0062,Debbie,Shaw,Other,67,25-09-2023,East,Senior
C0063,Barbara,Barnes,Other,43,10-11-2023,East,Middle-aged
C0064,Bryan,Jones,Female,60,12-11-2021,West,Senior
C0065,Jessica,Lopez,Female,50,25-11-2024,East,Middle-aged
C0066,Daniel,Whitaker,Male,67,30-04-2023,West,Senior
C0067,William,Singleton,Male,25,25-02-2024,East,Young Adult
C0068,Debra,Powell,Female,49,22-07-2022,South,Middle-aged
C0069,Kelli,Santana,Other,26,19-06-2021,North,Adult
C0070,Michelle,Mitchell,Male,65,06-08-2024,North,Senior
C0071,William,Williams,Male,49,18-12-2024,North,Middle-aged
C0072,Michele,Walter,Male,42,05-11-2021,East,Middle-aged
C0073,Virginia,Molina,Male,37,20-06-2023,North,Middle-aged
C0074,Sierra,Santiago,Male,60,19-12-2024,West,Senior
C0075,Brian,Parker,Female,30,10-11-2022,East,Adult
C0076,Craig,Martinez,Other,49,06-02-2024,West,Middle-aged
C0077,Donald,Mcdonald,Other,34,15-03-2025,East,Adult
C0078,Christine,Thompson,Other,52,15-10-2021,North,Senior
C0079,James,Rodriguez,Male,45,25-11-2022,North,Middle-aged
C0080,Jill,Middleton,Female,46,27-07-2023,East,Middle-aged
C0081,Brian,Martin,Female,46,20-05-2020,West,Middle-aged
C0082,Christopher,Escobar,Male,20,11-04-2022,South,Young Adult
C0083,Nicole,Kelly,Other,60,19-08-2023,East,Senior
C0084,Charles,Wallace,Other,28,26-07-2024,West,Adult
C0085,Cindy,Rios,Female,26,25-01-2024,East,Adult
C0086,Isaac,Ferrell,Other,42,09-07-2022,West,Middle-aged
C0087,David,Fleming,Male,54,30-01-2022,West,Senior
C0088,Angelica,Brown,Other,53,23-08-2021,West,Senior
C0089,Mary,Barton,Female,53,12-02-2025,South,Senior
C0090,Jacob,Spencer,Other,21,25-10-2020,West,Young Adult
C0091,Jamie,Chen,Female,49,22-05-2023,West,Middle-aged
C0092,Beth,Flores,Other,61,17-05-2022,East,Senior
C0093,Arthur,Smith,Female,38,01-10-2023,North,Middle-aged
C0094,Rebecca,Blankenship,Male,44,13-08-2020,North,Middle-aged
C0095,Miguel,Anderson,Male,41,05-08-2022,East,Middle-aged
C0096,Kathryn,Wright,Other,55,05-11-2020,North,Senior
C0097,Christopher,Ballard,Other,39,07-06-2021,West,Middle-aged
C0098,Rachel,King,Male,45,08-04-2024,East,Middle-aged
C0099,Toni,Garcia,Female,44,30-10-2022,East,Middle-aged
C0100,Courtney,Banks,Male,60,24-10-2024,South,Senior
C0101,Harold,Anderson,Male,33,09-02-2024,East,Adult
C0102,Krista,Chung,Other,23,24-04-2024,North,Young Adult
C0103,Oscar,Carr,Female,25,12-03-2021,East,Young Adult
C0104,Mark,Carter,Male,19,12-02-2021,East,Young Adult
C0105,Kim,Stone,Male,47,03-08-2020,West,Middle-aged
C0106,Caitlin,Castillo,Other,50,02-11-2020,West,Middle-aged
C0107,Rachel,Reynolds,Female,19,09-06-2024,West,Young Adult
C0108,Amanda,Fitzgerald,Other,19,06-06-2022,East,Young Adult
C0109,Tina,Holder,Female,54,23-04-2023,West,Senior
C0110,Natasha,Ellison,Female,54,25-11-2023,North,Senior
C0111,Kimberly,Curtis,Female,24,19-12-2024,South,Young Adult
C0112,Zachary,Sanchez,Female,49,01-03-2024,East,Middle-aged
C0113,Lauren,Conley,Male,57,14-06-2024,East,Senior
C0114,Heather,Adams,Female,45,24-05-2023,South,Middle-aged
C0115,Shelby,Dougherty,Female,58,21-12-2020,North,Senior
C0116,Candice,Ingram,Other,31,19-01-2024,East,Adult
C0117,William,Williams,Female,21,01-11-2022,East,Young Adult
C0118,Shawn,Mccormick,Other,43,03-07-2020,South,Middle-aged
C0119,Jody,Scott,Other,65,02-11-2024,North,Senior
C0120,David,Chan,Other,55,17-01-2021,North,Senior
C0121,Kayla,Burke,Other,39,02-01-2024,East,Middle-aged
C0122,Brandi,Mueller,Male,44,26-10-2022,West,Middle-aged
C0123,Mary,Lee,Female,31,26-11-2020,East,Adult
C0124,Bobby,Higgins,Male,59,03-09-2021,East,Senior
C0125,Ashley,Obrien,Other,69,30-12-2024,East,Senior
C0126,Calvin,Reyes,Female,60,09-06-2021,East,Senior
C0127,Andrew,Price,Male,44,10-06-2021,West,Middle-aged
C0128,Martin,Wilson,Female,57,07-06-2020,West,Senior
C0129,James,Rodriguez,Other,66,25-09-2021,South,Senior
C0130,Sarah,Cruz,Male,58,19-08-2023,South,Senior
C0131,Kathleen,Sutton,Other,49,02-02-2023,South,Middle-aged
C0132,William,Moore,Other,70,09-01-2024,West,Senior
C0133,Phillip,White,Female,58,02-10-2023,West,Senior
C0134,Elizabeth,Brooks,Other,64,31-07-2023,North,Senior
C0135,Hector,Clarke,Other,30,04-04-2025,East,Adult
C0136,Thomas,Simmons,Female,27,28-03-2023,South,Adult
C0137,Willie,Gonzalez,Male,65,20-08-2022,East,Senior
C0138,April,Mann,Female,44,31-03-2024,East,Middle-aged
C0139,Larry,Johnson,Male,58,28-06-2021,South,Senior
C0140,Amanda,Hicks,Female,35,25-01-2021,East,Adult
C0141,Jean,Joseph,Other,28,31-12-2024,East,Adult
C0142,William,Anthony,Other,56,01-08-2022,South,Senior
C0143,Collin,Lutz,Female,33,13-10-2021,North,Adult
C0144,Alicia,Baker,Male,30,25-12-2020,North,Adult
C0145,Richard,Murphy,Male,69,25-03-2023,East,Senior
C0146,Karen,Becker,Female,49,12-11-2021,West,Middle-aged
C0147,Melissa,Suarez,Female,59,17-04-2024,North,Senior
C0148,Philip,Castillo,Male,28,09-01-2021,East,Adult
C0149,Susan,Bailey,Male,19,30-01-2025,East,Young Adult
C0150,Jeremy,Jones,Female,60,20-10-2023,South,Senior
C0151,Christopher,Brown,Other,20,30-04-2021,West,Young Adult
C0152,David,Huerta,Male,21,31-12-2024,North,Young Adult
C0153,Teresa,Cochran,Female,56,30-08-2022,East,Senior
C0154,Joshua,Rice,Male,44,15-04-2020,East,Middle-aged
C0155,Jennifer,Clark,Other,60,02-01-2022,North,Senior
C0156,Zachary,Johnson,Female,44,21-04-2020,South,Middle-aged
C0157,Jeremy,Snyder,Male,25,05-09-2024,North,Young Adult
C0158,Charles,Mcdonald,Other,60,23-01-2024,East,Senior
C0159,Chad,Chen,Female,23,01-11-2021,South,Young Adult
C0160,Perry,Rice,Other,25,26-07-2020,East,Young Adult
C0161,Max,Jenkins,Female,55,24-09-2023,West,Senior
C0162,Barbara,Young,Other,65,23-01-2024,South,Senior
C0163,Shannon,Garner,Female,31,04-02-2022,South,Adult
C0164,Debra,Dorsey,Male,29,18-01-2024,South,Adult
C0165,Jerry,Alexander,Female,46,16-07-2023,West,Middle-aged
C0166,Christopher,Herrera,Female,55,12-08-2020,North,Senior
C0167,Matthew,Anthony,Female,52,29-08-2021,East,Senior
C0168,Gabriel,Jenkins,Other,25,19-11-2022,East,Young Adult
C0169,Billy,Watts,Other,45,07-12-2021,West,Middle-aged
C0170,Lisa,Brown,Other,33,26-06-2021,East,Adult
C0171,Doris,Collins,Male,41,03-01-2024,West,Middle-aged
C0172,Ashley,Phillips,Other,41,26-03-2024,East,Middle-aged
C0173,Nicole,Black,Male,59,13-08-2023,North,Senior
C0174,James,French,Other,60,19-11-2024,North,Senior
C0175,Ryan,Charles,Other,68,25-04-2021,South,Senior
C0176,Bradley,Galvan,Female,53,23-02-2024,West,Senior
C0177,Toni,Frye,Female,58,09-01-2022,East,Senior
C0178,Adam,Mueller,Other,25,08-06-2024,South,Young Adult
C0179,Carol,Lara,Female,42,03-10-2021,North,Middle-aged
C0180,Tammy,Brewer,Female,34,30-08-2022,East,Adult
C0181,Nancy,Hickman,Male,70,25-05-2024,South,Senior
C0182,Thomas,Blake,Female,31,08-08-2020,South,Adult
C0183,Carl,Villanueva,Female,58,18-07-2022,East,Senior
C0184,Deanna,Flynn,Other,44,04-10-2023,North,Middle-aged
C0185,Richard,Morris,Female,23,24-10-2023,West,Young Adult
C0186,Rebecca,Peterson,Female,65,14-07-2021,West,Senior
C0187,Sean,Macdonald,Female,63,06-06-2022,West,Senior
C0188,Brandi,Torres,Male,70,12-03-2023,South,Senior
C0189,Lauren,Liu,Other,34,18-09-2024,North,Adult
C0190,Linda,Humphrey,Female,44,25-05-2024,East,Middle-aged
C0191,Jerry,Hardy,Female,62,21-10-2022,North,Senior
C0192,Reginald,Williams,Male,59,29-04-2024,South,Senior
C0193,Shelby,Henry,Other,44,06-10-2020,South,Middle-aged
C0194,Nancy,Ward,Male,43,12-04-2021,South,Middle-aged
C0195,William,Taylor,Other,37,05-02-2021,East,Middle-aged
C0196,Holly,Martinez,Other,23,07-04-2022,North,Young Adult
C0197,Tara,Byrd,Male,33,13-08-2022,South,Adult
C0198,Kelly,Coleman,Other,61,01-06-2020,West,Senior
C0199,Michele,Ellis,Female,46,20-07-2022,West,Middle-aged
C0200,Anthony,Davis,Other,26,01-09-2020,East,Adult
C0201,Daniel,Wheeler,Male,61,05-01-2024,East,Senior
C0202,Katherine,Lamb,Female,30,12-12-2023,North,Adult
C0203,Levi,Bradford,Female,41,24-01-2024,South,Middle-aged
C0204,Lance,James,Female,42,19-07-2022,South,Middle-aged
C0205,Emily,Jackson,Male,19,27-06-2023,South,Young Adult
C0206,Jason,Peters,Male,47,03-12-2023,South,Middle-aged
C0207,Brian,Reyes,Female,62,13-11-2020,South,Senior
C0208,Samantha,Robinson,Male,43,23-11-2024,West,Middle-aged
C0209,Kathy,Winters,Other,34,12-02-2021,South,Adult
C0210,Kyle,Dodson,Male,41,19-09-2023,South,Middle-aged
C0211,Kristin,Cook,Other,25,18-11-2022,North,Young Adult
C0212,Tyler,Hale,Other,51,28-08-2021,West,Senior
C0213,Kimberly,Barton,Female,70,28-06-2024,West,Senior
C0214,Michelle,Miller,Male,32,20-11-2020,South,Adult
C0215,Zachary,Fitzgerald,Male,70,21-01-2021,East,Senior
C0216,Alexis,Garcia,Female,65,06-05-2024,West,Senior
C0217,Kim,Vasquez,Female,26,31-05-2022,West,Adult
C0218,Jared,Turner,Male,56,25-04-2023,South,Senior
C0219,Justin,Young,Female,64,11-12-2024,South,Senior
C0220,Helen,Brown,Female,29,22-08-2023,West,Adult
C0221,Janice,Moore,Male,19,16-12-2023,East,Young Adult
C0222,Melanie,Morales,Female,33,05-07-2023,West,Adult
C0223,Edward,Mueller,Male,41,25-12-2021,West,Middle-aged
C0224,Laura,James,Male,18,04-02-2021,West,Young Adult
C0225,Lisa,Gray,Male,38,10-09-2023,West,Middle-aged
C0226,Robert,Sherman,Other,31,09-09-2024,West,Adult
C0227,Megan,Lopez,Other,45,30-12-2022,East,Middle-aged
C0228,Jennifer,Rogers,Male,24,21-10-2021,North,Young Adult
C0229,Jorge,Phillips,Male,39,01-03-2025,South,Middle-aged
C0230,Mark,Lewis,Female,40,10-08-2024,North,Middle-aged
C0231,Richard,Smith,Male,34,24-07-2020,West,Adult
C0232,Ronald,Howard,Female,43,03-08-2024,East,Middle-aged
C0233,Joseph,Johnson,Male,53,20-05-2022,North,Senior
C0234,Ralph,Reid,Other,29,17-10-2021,East,Adult
C0235,George,Williams,Male,50,10-04-2022,West,Middle-aged
C0236,Allison,Black,Female,47,24-02-2023,South,Middle-aged
C0237,Dennis,Dixon,Male,38,09-02-2025,West,Middle-aged
C0238,Joseph,Mathis,Male,34,05-11-2020,North,Adult
C0239,Laura,Mccann,Female,20,11-06-2022,South,Young Adult
C0240,Shane,Aguirre,Female,35,16-09-2024,East,Adult
C0241,Frederick,Fischer,Female,36,30-11-2022,East,Middle-aged
C0242,David,Wilson,Other,66,20-02-2023,East,Senior
C0243,Kathy,Hughes,Other,44,22-02-2021,West,Middle-aged
C0244,Scott,Moore,Male,38,14-03-2022,West,Middle-aged
C0245,Steve,Hensley,Male,53,11-06-2020,West,Senior
C0246,Catherine,Williams,Male,30,02-01-2021,South,Adult
C0247,Karl,Watts,Male,32,27-09-2021,South,Adult
C0248,Madeline,Maddox,Male,48,16-09-2022,East,Middle-aged
C0249,Ricky,Phillips,Male,63,07-07-2022,West,Senior
C0250,Wayne,Jones,Female,25,20-11-2021,West,Young Adult
C0251,Jeffrey,Ferguson,Male,46,03-12-2023,East,Middle-aged
C0252,Joshua,Morrow,Other,53,28-02-2022,West,Senior
C0253,Karina,White,Female,49,10-02-2023,North,Middle-aged
C0254,Matthew,Wright,Other,27,25-07-2020,North,Adult
C0255,James,Hall,Female,23,06-06-2024,South,Young Adult
C0256,John,Jones,Female,29,19-10-2021,South,Adult
C0257,Philip,Ramirez,Other,50,25-02-2024,East,Middle-aged
C0258,Melinda,Fitzgerald,Other,60,21-05-2021,South,Senior
C0259,Sandra,Weeks,Other,18,17-08-2023,South,Young Adult
C0260,Mikayla,Foster,Female,22,20-04-2022,South,Young Adult
C0261,Nathan,Gonzalez,Female,61,29-10-2023,North,Senior
C0262,John,Combs,Female,19,30-07-2024,East,Young Adult
C0263,Katherine,Bryant,Other,44,22-01-2023,North,Middle-aged
C0264,Charles,King,Female,41,04-02-2022,North,Middle-aged
C0265,Francisco,Kerr,Female,27,22-09-2020,North,Adult
C0266,Andrew,Scott,Male,47,07-12-2020,West,Middle-aged
C0267,Timothy,Carroll,Female,58,05-07-2023,East,Senior
C0268,John,Gonzales,Other,60,26-12-2024,North,Senior
C0269,Debbie,Nguyen,Female,20,19-09-2022,West,Young Adult
C0270,John,Lawson,Female,44,01-09-2024,South,Middle-aged
C0271,Christine,Moore,Male,21,28-04-2020,East,Young Adult
C0272,Sharon,Vasquez,Female,69,17-04-2024,North,Senior
C0273,Connie,Stark,Other,44,18-11-2024,West,Middle-aged
C0274,Nancy,Ray,Male,43,26-03-2023,East,Middle-aged
C0275,Evan,Ryan,Male,33,15-08-2023,West,Adult
C0276,Rachael,Mason,Male,19,21-05-2020,South,Young Adult
C0277,Andrew,Martin,Male,42,23-03-2023,West,Middle-aged
C0278,Mary,Ferguson,Female,59,21-09-2021,South,Senior
C0279,Phillip,Morse,Male,37,17-09-2021,West,Middle-aged
C0280,Adam,Randall,Female,65,26-10-2022,East,Senior
C0281,April,Krause,Other,56,16-01-2023,South,Senior
C0282,Stephen,Vasquez,Female,60,03-05-2022,North,Senior
C0283,Jennifer,Ramirez,Female,50,21-03-2023,South,Middle-aged
C0284,Stephen,Roberts,Female,44,05-02-2023,West,Middle-aged
C0285,Kayla,Thompson,Female,35,10-07-2021,West,Adult
C0286,Kara,Stevens,Male,66,19-06-2024,West,Senior
C0287,Tiffany,Washington,Female,57,23-07-2024,South,Senior
C0288,Gregory,Pitts,Female,58,28-07-2021,West,Senior
C0289,Kevin,Obrien,Male,44,14-10-2021,East,Middle-aged
C0290,Amy,Lee,Female,61,10-09-2023,South,Senior
C0291,Charlotte,May,Other,61,25-02-2023,South,Senior
C0292,Sara,Bowman,Female,51,15-01-2022,North,Senior
C0293,Willie,Mills,Female,47,24-01-2023,West,Middle-aged
C0294,Devin,Tapia,Male,69,10-03-2025,West,Senior
C0295,Arthur,Perez,Female,27,14-09-2023,South,Adult
C0296,Catherine,Martin,Other,37,07-09-2024,South,Middle-aged
C0297,Lynn,Baker,Other,45,26-02-2024,East,Middle-aged
C0298,Martin,Murphy,Other,21,01-05-2021,North,Young Adult
C0299,Joanna,Knight,Male,50,17-09-2020,North,Middle-aged
C0300,Jorge,Gutierrez,Other,45,29-08-2021,West,Middle-aged
C0301,Angela,Johnson,Male,47,03-04-2023,East,Middle-aged
C0302,Deborah,Nunez,Female,34,02-07-2021,North,Adult
C0303,Michelle,Sawyer,Other,19,25-09-2020,North,Young Adult
C0304,Paul,Dudley,Other,60,01-04-2024,West,Senior
C0305,Emily,Crawford,Male,68,04-09-2023,South,Senior
C0306,Nicole,Rivera,Female,20,05-05-2023,North,Young Adult
C0307,Tammy,Smith,Female,63,26-05-2024,East,Senior
C0308,Sherri,Brown,Female,55,09-07-2022,West,Senior
C0309,Susan,Ramirez,Other,46,27-04-2021,East,Middle-aged
C0310,David,Allen,Female,44,12-12-2021,South,Middle-aged
C0311,Brenda,Stevenson,Male,29,27-08-2020,North,Adult
C0312,Tyler,Kim,Other,56,28-11-2020,East,Senior
C0313,Susan,Mitchell,Other,24,16-06-2021,West,Young Adult
C0314,Andrea,Anderson,Other,19,20-07-2023,North,Young Adult
C0315,Eileen,Wilson,Female,25,28-02-2024,North,Young Adult
C0316,Kenneth,Clark,Male,59,14-07-2022,West,Senior
C0317,Gregory,Johnson,Female,62,09-11-2021,West,Senior
C0318,Joshua,Romero,Other,65,01-03-2024,West,Senior
C0319,Glenn,Simon,Female,57,06-12-2020,East,Senior
C0320,Anne,Martinez,Other,61,04-03-2022,West,Senior
C0321,Jerry,Hawkins,Female,23,21-10-2020,South,Young Adult
C0322,Christina,Burgess,Male,18,19-10-2021,South,Young Adult
C0323,Kelly,Jarvis,Male,70,01-09-2020,North,Senior
C0324,Timothy,Newman,Other,44,08-11-2024,North,Middle-aged
C0325,Ariana,Knight,Male,48,16-08-2024,South,Middle-aged
C0326,Shaun,Mack,Other,33,29-04-2020,West,Adult
C0327,Stephanie,Brooks,Other,68,17-06-2023,South,Senior
C0328,Brandy,Lewis,Male,37,24-06-2022,West,Middle-aged
C0329,Melissa,Robles,Male,48,18-08-2023,West,Middle-aged
C0330,Andrea,Sampson,Male,25,07-02-2021,South,Young Adult
C0331,Darryl,Woodard,Male,65,05-02-2025,West,Senior
C0332,Steven,Gould,Female,48,09-10-2022,North,Middle-aged
C0333,Laura,Morris,Female,55,23-05-2024,South,Senior
C0334,Karen,Williams,Male,44,30-01-2022,West,Middle-aged
C0335,Joshua,Lester,Male,39,15-12-2022,North,Middle-aged
C0336,Wesley,Riley,Male,58,11-12-2020,West,Senior
C0337,Kristen,Rich,Female,49,07-02-2024,East,Middle-aged
C0338,James,James,Male,49,05-11-2020,West,Middle-aged
C0339,Lori,Cruz,Female,50,06-05-2023,West,Middle-aged
C0340,Kelly,Townsend,Male,63,02-09-2022,North,Senior
C0341,Eric,Wilson,Other,19,12-04-2023,West,Young Adult
C0342,Kurt,Shannon,Other,38,21-04-2020,North,Middle-aged
C0343,Maria,Berry,Female,59,09-08-2021,West,Senior
C0344,David,Ramirez,Female,25,24-05-2022,West,Young Adult
C0345,Isaac,Booth,Other,59,02-09-2022,East,Senior
C0346,Jessica,Bradley,Female,62,07-02-2023,West,Senior
C0347,Rita,Porter,Male,44,10-06-2023,East,Middle-aged
C0348,Jason,Higgins,Other,30,03-04-2023,West,Adult
C0349,Nicholas,Pruitt,Female,46,17-01-2021,South,Middle-aged
C0350,Peter,Sutton,Other,32,24-04-2020,East,Adult
C0351,Ashley,Taylor,Other,63,27-06-2020,West,Senior
C0352,Renee,Weaver,Male,36,26-03-2023,West,Middle-aged
C0353,Alyssa,Ruiz,Female,61,08-01-2021,East,Senior
C0354,Ariel,Hale,Female,69,18-11-2020,South,Senior
C0355,Zachary,Woods,Other,31,10-05-2022,East,Adult
C0356,Ryan,Hernandez,Other,65,25-01-2021,North,Senior
C0357,John,White,Other,48,25-12-2023,South,Middle-aged
C0358,Karen,Jackson,Male,30,03-06-2022,South,Adult
C0359,Sierra,Dennis,Other,49,28-04-2023,North,Middle-aged
C0360,Shannon,Campbell,Female,49,14-08-2020,East,Middle-aged
C0361,Lisa,Howell,Male,31,06-09-2020,North,Adult
C0362,Traci,Nichols,Male,40,04-02-2022,East,Middle-aged
C0363,Katherine,Walker,Female,61,31-07-2024,South,Senior
C0364,Amy,Woods,Male,70,29-11-2021,North,Senior
C0365,Zachary,Miller,Male,39,23-01-2024,West,Middle-aged
C0366,Christopher,Guerrero,Male,57,17-05-2023,South,Senior
C0367,Jeffrey,Patterson,Male,53,21-03-2024,South,Senior
C0368,Natalie,Riley,Female,44,22-11-2021,East,Middle-aged
C0369,Sean,Bryant,Female,67,03-11-2024,North,Senior
C0370,Amber,Bentley,Other,35,28-09-2024,South,Adult
C0371,Angela,Davis,Other,50,30-04-2024,North,Middle-aged
C0372,Madison,Smith,Other,21,27-01-2025,West,Young Adult
C0373,Melissa,Cole,Female,66,10-10-2020,North,Senior
C0374,David,Nunez,Male,68,07-07-2023,North,Senior
C0375,Leon,Bell,Other,20,16-03-2025,North,Young Adult
C0376,William,Jones,Male,58,13-03-2024,North,Senior
C0377,Cassandra,Sharp,Male,41,22-08-2020,South,Middle-aged
C0378,Christopher,Flores,Other,36,29-08-2022,West,Middle-aged
C0379,Jesse,Anderson,Other,44,12-05-2023,North,Middle-aged
C0380,Donald,Vang,Male,59,06-03-2022,East,Senior
C0381,Stephanie,Scott,Female,70,23-08-2022,South,Senior
C0382,Joshua,Johnson,Male,30,14-01-2025,West,Adult
C0383,Jonathan,Conley,Female,67,22-09-2023,North,Senior
C0384,Heather,Bradley,Male,69,03-01-2025,West,Senior
C0385,Terri,Simpson,Female,36,19-12-2023,South,Middle-aged
C0386,Terry,Davis,Male,35,12-03-2023,East,Adult
C0387,Darren,Brown,Other,66,09-09-2023,West,Senior
C0388,Matthew,Miller,Female,58,14-11-2020,South,Senior
C0389,Crystal,Burgess,Male,66,22-11-2024,West,Senior
C0390,Rachel,Cordova,Male,26,22-08-2021,West,Adult
C0391,Doris,Brown,Female,44,11-06-2023,West,Middle-aged
C0392,Christopher,Alvarez,Other,68,11-10-2022,East,Senior
C0393,Brandon,Cooper,Male,46,16-11-2020,South,Middle-aged
C0394,Sarah,Larson,Male,63,02-01-2021,North,Senior
C0395,Theresa,Wang,Male,39,17-12-2024,East,Middle-aged
C0396,Laura,Smith,Female,67,10-03-2025,South,Senior
C0397,Raymond,Taylor,Female,21,19-04-2023,West,Young Adult
C0398,Paul,Pace,Male,60,22-10-2023,South,Senior
C0399,Christopher,Kennedy,Other,21,06-12-2020,East,Young Adult
C0400,Jeremy,Fuller,Female,43,10-05-2021,East,Middle-aged
C0401,Lance,Ferguson,Other,65,14-02-2021,East,Senior
C0402,Bianca,Hicks,Female,18,07-10-2024,East,Young Adult
C0403,Gary,Hall,Other,57,27-04-2023,South,Senior
C0404,Juan,Sanchez,Other,43,26-09-2020,West,Middle-aged
C0405,Sarah,Sharp,Other,31,07-04-2024,West,Adult
C0406,Heather,Allen,Other,40,06-11-2022,West,Middle-aged
C0407,Megan,Stevens,Male,37,02-07-2021,North,Middle-aged
C0408,Kristin,Roman,Male,52,04-12-2024,East,Senior
C0409,Bryan,Brown,Female,64,11-06-2022,South,Senior
C0410,Brandy,Morgan,Other,52,11-04-2020,East,Senior
C0411,Antonio,Luna,Male,23,31-07-2024,East,Young Adult
C0412,Erik,Chen,Other,39,06-01-2022,South,Middle-aged
C0413,Eddie,Shea,Male,19,03-01-2021,East,Young Adult
C0414,Stacy,Anderson,Male,67,22-04-2023,East,Senior
C0415,Kaitlyn,Daniels,Other,45,01-05-2024,North,Middle-aged
C0416,Erin,Ortega,Other,21,12-03-2022,East,Young Adult
C0417,Donna,Adams,Female,58,22-09-2022,East,Senior
C0418,Jeffrey,Roberts,Male,21,15-01-2024,North,Young Adult
C0419,Tracy,Shelton,Female,37,17-06-2024,North,Middle-aged
C0420,Daniel,Farmer,Female,39,18-09-2023,South,Middle-aged
C0421,William,Patterson,Other,55,06-08-2022,South,Senior
C0422,Cathy,Horn,Female,37,27-07-2023,East,Middle-aged
C0423,Robert,Hayes,Other,68,07-04-2025,South,Senior
C0424,Christine,Mendoza,Other,42,24-06-2024,South,Middle-aged
C0425,Laura,Mclean,Male,38,22-11-2020,South,Middle-aged
C0426,Amy,Shaw,Female,47,16-08-2024,North,Middle-aged
C0427,Jason,Foster,Male,63,21-11-2022,West,Senior
C0428,Kristin,Brown,Female,23,21-12-2023,North,Young Adult
C0429,Tracy,Hall,Male,44,02-06-2021,South,Middle-aged
C0430,Mandy,Rice,Female,31,24-05-2021,West,Adult
C0431,Walter,Duarte,Male,41,19-11-2022,West,Middle-aged
C0432,Martha,Robles,Other,44,27-02-2024,West,Middle-aged
C0433,James,George,Female,55,10-04-2024,West,Senior
C0434,Shane,Ryan,Other,45,24-08-2024,West,Middle-aged
C0435,Samuel,Jones,Other,49,27-05-2024,West,Middle-aged
C0436,Bradley,Hubbard,Male,27,03-02-2024,South,Adult
C0437,Karen,Johnson,Female,63,03-08-2022,West,Senior
C0438,Amy,Barrett,Male,63,11-08-2021,North,Senior
C0439,Jennifer,Mcdonald,Other,31,07-07-2021,West,Adult
C0440,Ann,Powers,Female,44,04-02-2023,South,Middle-aged
C0441,Kimberly,Hughes,Other,41,22-08-2022,North,Middle-aged
C0442,Donna,Romero,Other,44,10-10-2021,North,Middle-aged
C0443,Cassandra,Thompson,Male,41,15-05-2020,East,Middle-aged
C0444,Margaret,Price,Male,51,25-05-2020,South,Senior
C0445,John,Guerrero,Male,41,18-01-2024,East,Middle-aged
C0446,Charles,Garcia,Female,37,19-04-2023,East,Middle-aged
C0447,Anna,Roberts,Female,19,17-06-2023,South,Young Adult
C0448,Roy,Ramirez,Male,68,16-08-2023,West,Senior
C0449,Jessica,White,Male,37,14-12-2021,East,Middle-aged
C0450,Anthony,Montoya,Male,29,25-07-2024,West,Adult
C0451,David,Chandler,Male,25,05-07-2022,East,Young Adult
C0452,Jennifer,Mcdonald,Male,20,19-02-2025,West,Young Adult
C0453,Gary,Roberts,Female,44,15-06-2020,East,Middle-aged
C0454,Gregory,Rivas,Other,46,19-09-2022,East,Middle-aged
C0455,Jorge,Jackson,Female,48,28-07-2023,South,Middle-aged
C0456,Anthony,Huff,Male,44,12-04-2023,West,Middle-aged
C0457,Jimmy,Donaldson,Female,60,03-03-2023,West,Senior
C0458,Tonya,Meadows,Male,64,27-11-2021,East,Senior
C0459,John,Wagner,Male,44,22-08-2024,West,Middle-aged
C0460,Dennis,Ramirez,Female,32,27-03-2025,West,Adult
C0461,Janet,Sanchez,Female,52,22-01-2022,North,Senior
C0462,Kelly,Spencer,Other,46,17-08-2024,East,Middle-aged
C0463,Alan,Osborn,Other,23,15-09-2020,South,Young Adult
C0464,Heather,Smith,Other,19,10-08-2023,East,Young Adult
C0465,Nicole,Garcia,Other,59,30-11-2021,North,Senior
C0466,Randy,Le,Other,53,23-01-2025,North,Senior
C0467,Timothy,Combs,Male,57,02-05-2021,North,Senior
C0468,Kimberly,Robertson,Other,51,09-01-2023,South,Senior
C0469,Mary,Dalton,Female,50,03-07-2024,North,Middle-aged
C0470,Charles,Gonzalez,Male,60,29-07-2023,South,Senior
C0471,Deanna,Pitts,Male,35,04-06-2023,South,Adult
C0472,Justin,Howard,Male,63,24-11-2022,West,Senior
C0473,Kathleen,Montoya,Male,69,09-11-2022,East,Senior
C0474,Jennifer,Allen,Female,55,10-01-2025,North,Senior
C0475,Joshua,Johnson,Female,19,28-09-2020,East,Young Adult
C0476,John,Le,Female,29,23-11-2022,West,Adult
C0477,Mary,Martinez,Male,51,27-05-2023,East,Senior
C0478,James,Johnson,Female,34,19-07-2020,North,Adult
C0479,Mary,Farmer,Male,24,18-08-2021,South,Young Adult
C0480,Matthew,Moore,Female,27,23-05-2020,South,Adult
C0481,Keith,Hayes,Female,67,17-11-2022,North,Senior
C0482,Jennifer,Ramsey,Male,37,09-12-2024,West,Middle-aged
C0483,Alan,Webb,Other,28,10-04-2022,North,Adult
C0484,Deanna,Hall,Other,38,14-06-2022,South,Middle-aged
C0485,David,Krause,Male,63,26-07-2023,North,Senior
C0486,Joseph,Leon,Female,42,04-10-2023,North,Middle-aged
C0487,Danny,Camacho,Female,27,14-02-2021,West,Adult
C0488,Brent,Dickson,Female,34,06-12-2024,West,Adult
C0489,Paula,Washington,Male,44,02-09-2020,South,Middle-aged
C0490,Joseph,Wright,Male,66,15-06-2022,South,Senior
C0491,Samuel,Conley,Female,50,21-08-2023,West,Middle-aged
C0492,Scott,Parrish,Male,35,20-08-2023,North,Adult
C0493,Kimberly,Brown,Female,47,24-08-2022,West,Middle-aged
C0494,Jessica,Cox,Male,48,17-03-2021,North,Middle-aged
C0495,Victoria,Smith,Female,58,30-10-2024,South,Senior
C0496,Carrie,Ruiz,Male,35,21-12-2024,North,Adult
C0497,Holly,Deleon,Male,66,04-08-2024,South,Senior
C0498,Alexis,Martinez,Female,54,12-11-2022,West,Senior
C0499,Kristina,Manning,Female,23,09-04-2021,South,Young Adult
C0500,Heather,Martinez,Male,41,02-07-2022,South,Middle-aged
C0501,Sarah,Caldwell,Male,52,10-09-2020,West,Senior
C0502,Karina,Thompson,Other,46,14-02-2021,North,Middle-aged
C0503,Pamela,Johnson,Male,70,03-08-2024,West,Senior
C0504,Melanie,Monroe,Other,36,13-09-2021,South,Middle-aged
C0505,Jonathan,Chung,Male,21,28-07-2023,West,Young Adult
C0506,Michael,Reese,Female,56,14-05-2020,East,Senior
C0507,Kyle,Beck,Other,42,31-05-2021,East,Middle-aged
C0508,Joshua,Boyer,Other,31,09-04-2025,East,Adult
C0509,Dean,Taylor,Male,28,30-12-2021,North,Adult
C0510,Sergio,Garrett,Female,23,19-01-2022,West,Young Adult
C0511,Robert,Chung,Other,25,14-11-2024,South,Young Adult
C0512,Brian,Casey,Other,53,08-03-2021,East,Senior
C0513,Olivia,Jones,Female,31,27-06-2020,East,Adult
C0514,Joann,Gibson,Other,39,25-01-2025,East,Middle-aged
C0515,Elizabeth,Alvarez,Other,46,22-07-2023,East,Middle-aged
C0516,Nicholas,Kramer,Male,60,30-01-2024,East,Senior
C0517,Jonathan,Wilson,Female,31,06-04-2022,West,Adult
C0518,Nicholas,Fischer,Other,39,24-09-2024,North,Middle-aged
C0519,Renee,Fletcher,Other,26,28-08-2021,North,Adult
C0520,Michael,Lee,Other,48,25-06-2021,North,Middle-aged
C0521,Kyle,Smith,Male,61,28-02-2024,South,Senior
C0522,Cathy,Turner,Female,53,06-08-2022,West,Senior
C0523,Jessica,Villanueva,Female,52,10-10-2024,North,Senior
C0524,Diana,Jones,Other,59,05-07-2020,North,Senior
C0525,Lee,Booker,Other,19,14-08-2020,West,Young Adult
C0526,Michael,Brown,Other,25,09-08-2021,East,Young Adult
C0527,Ian,Carter,Female,44,05-10-2024,East,Middle-aged
C0528,Mary,Jacobson,Female,29,09-12-2020,North,Adult
C0529,Veronica,Brooks,Male,47,03-03-2023,East,Middle-aged
C0530,Jasmine,Smith,Male,46,12-03-2024,North,Middle-aged
C0531,Samantha,Peters,Male,65,10-10-2024,North,Senior
C0532,Zachary,Bailey,Female,61,14-06-2022,East,Senior
C0533,Tyler,Martinez,Male,23,13-09-2024,East,Young Adult
C0534,Shawn,Welch,Other,32,20-01-2024,South,Adult
C0535,Derrick,Lopez,Female,41,21-10-2023,North,Middle-aged
C0536,Roy,Sanders,Female,49,11-11-2023,South,Middle-aged
C0537,Daniel,Garrison,Male,30,21-07-2020,West,Adult
C0538,Christopher,Miller,Male,35,01-01-2022,West,Adult
C0539,Sherry,Williams,Male,53,08-11-2022,South,Senior
C0540,Jessica,Joseph,Other,65,31-05-2023,South,Senior
C0541,Janice,Butler,Male,55,15-11-2022,South,Senior
C0542,Julie,Simon,Other,22,13-08-2022,South,Young Adult
C0543,Dylan,Russell,Female,54,21-09-2023,South,Senior
C0544,Adrian,Warner,Other,64,13-05-2020,East,Senior
C0545,Stephen,Jones,Male,61,02-03-2022,North,Senior
C0546,Paul,Thompson,Other,61,25-02-2023,East,Senior
C0547,Jay,Johnson,Other,53,17-08-2024,West,Senior
C0548,Bryce,Simmons,Male,45,09-06-2020,North,Middle-aged
C0549,Mark,Porter,Female,45,04-11-2023,West,Middle-aged
C0550,Kelly,Chaney,Female,25,30-03-2023,West,Young Adult
C0551,Yvonne,Griffith,Female,41,13-04-2024,North,Middle-aged
C0552,Tracy,Gonzalez,Other,32,04-10-2020,North,Adult
C0553,Laura,Rodriguez,Female,44,31-10-2023,West,Middle-aged
C0554,Tiffany,Knapp,Female,18,10-10-2024,West,Young Adult
C0555,Tony,Sosa,Male,39,22-07-2020,North,Middle-aged
C0556,Summer,Price,Other,69,06-09-2023,North,Senior
C0557,Juan,Cantu,Other,32,14-04-2021,West,Adult
C0558,Lindsey,Gutierrez,Male,33,11-08-2024,South,Adult
C0559,Caroline,Castro,Male,39,15-05-2024,East,Middle-aged
C0560,Anthony,Phillips,Male,58,10-01-2022,North,Senior
C0561,Alicia,Howe,Male,48,08-01-2021,West,Middle-aged
C0562,John,Mckenzie,Male,55,20-06-2023,East,Senior
C0563,Amanda,Sampson,Female,33,16-12-2020,North,Adult
C0564,Jessica,Miller,Female,33,16-10-2022,East,Adult
C0565,Emily,Foster,Male,70,08-09-2024,East,Senior
C0566,Johnny,Chapman,Other,68,16-03-2025,South,Senior
C0567,Nicole,George,Male,67,22-03-2021,West,Senior
C0568,Nathan,Garcia,Male,58,06-07-2023,West,Senior
C0569,Timothy,Schultz,Other,25,29-12-2023,North,Young Adult
C0570,Amy,Hess,Male,44,30-04-2024,West,Middle-aged
C0571,Jessica,Ayers,Female,62,22-11-2021,North,Senior
C0572,Abigail,Adams,Male,21,20-04-2020,West,Young Adult
C0573,Mary,Arnold,Male,37,07-01-2022,West,Middle-aged
C0574,Anthony,Webb,Male,24,25-06-2022,North,Young Adult
C0575,Paul,Hall,Other,21,10-02-2025,East,Young Adult
C0576,Karen,Hernandez,Female,43,27-04-2020,North,Middle-aged
C0577,Nancy,Buckley,Other,66,30-05-2022,West,Senior
C0578,Nathan,Snyder,Male,56,18-02-2024,North,Senior
C0579,Dana,Ho,Female,42,24-07-2023,West,Middle-aged
C0580,Luke,Arnold,Female,57,26-08-2020,North,Senior
C0581,Perry,Hebert,Female,59,17-05-2024,North,Senior
C0582,William,Walters,Female,51,04-06-2023,East,Senior
C0583,John,Santana,Other,30,15-04-2021,North,Adult
C0584,Timothy,Levine,Male,18,21-01-2021,North,Young Adult
C0585,Tony,Parker,Other,68,25-04-2023,South,Senior
C0586,Brandon,Macdonald,Other,26,30-08-2021,East,Adult
C0587,Ryan,Mullen,Female,44,07-01-2021,West,Middle-aged
C0588,David,Johnson,Other,44,24-02-2021,West,Middle-aged
C0589,Jose,Peterson,Male,33,25-12-2020,South,Adult
C0590,Patricia,Garcia,Male,21,14-07-2020,South,Young Adult
C0591,Tina,Frank,Female,55,11-04-2020,West,Senior
C0592,Austin,Adams,Other,59,16-09-2022,East,Senior
C0593,Andrew,Cook,Female,55,24-08-2021,South,Senior
C0594,Ryan,Castro,Male,44,23-06-2021,East,Middle-aged
C0595,Joshua,Shah,Other,39,14-03-2025,East,Middle-aged
C0596,David,Carr,Female,18,22-08-2022,South,Young Adult
C0597,Ariel,Sanchez,Male,33,22-06-2024,North,Adult
C0598,Morgan,Wagner,Female,40,11-04-2023,South,Middle-aged
C0599,Daniel,Estes,Male,58,24-12-2022,South,Senior
C0600,Timothy,Cunningham,Male,39,24-04-2021,South,Middle-aged
C0601,Melissa,Jefferson,Other,48,02-07-2020,West,Middle-aged
C0602,Julie,Rodriguez,Other,62,19-11-2023,East,Senior
C0603,Michelle,Simpson,Other,54,07-08-2020,East,Senior
C0604,Juan,Allison,Other,37,23-04-2020,West,Middle-aged
C0605,James,Mason,Female,28,15-09-2022,North,Adult
C0606,Paul,Dawson,Female,68,28-02-2025,North,Senior
C0607,Patrick,Fox,Female,32,04-04-2025,North,Adult
C0608,Timothy,Page,Other,44,26-10-2024,South,Middle-aged
C0609,David,Sanford,Female,57,24-12-2023,South,Senior
C0610,Evelyn,Campbell,Male,48,01-04-2024,East,Middle-aged
C0611,Daniel,Nelson,Other,44,20-05-2020,South,Middle-aged
C0612,Alexandra,Bennett,Female,29,20-02-2024,North,Adult
C0613,Rachael,Curtis,Female,18,13-03-2024,North,Young Adult
C0614,Heather,Barrera,Female,19,13-08-2020,North,Young Adult
C0615,Nicole,Simmons,Male,36,19-04-2023,West,Middle-aged
C0616,Linda,Hamilton,Male,58,16-11-2022,East,Senior
C0617,Bradley,Cox,Male,19,03-10-2022,South,Young Adult
C0618,Jade,Blackwell,Male,36,13-11-2020,South,Middle-aged
C0619,Wendy,Campbell,Male,44,06-11-2023,South,Middle-aged
C0620,Keith,Moore,Female,53,14-09-2022,South,Senior
C0621,Anita,Richardson,Male,30,26-08-2023,North,Adult
C0622,Dylan,Rangel,Male,34,21-11-2022,North,Adult
C0623,Norma,Lopez,Male,61,04-09-2023,South,Senior
C0624,Alexandra,Hutchinson,Female,59,18-12-2020,North,Senior
C0625,Scott,Thomas,Female,31,26-02-2024,East,Adult
C0626,Samuel,Turner,Female,44,22-11-2022,East,Middle-aged
C0627,John,Hamilton,Female,60,23-05-2021,South,Senior
C0628,Michael,Morrison,Other,69,09-11-2024,West,Senior
C0629,Natasha,Anderson,Other,22,18-02-2022,North,Young Adult
C0630,James,Fischer,Male,26,25-12-2022,South,Adult
C0631,Kimberly,Woods,Male,52,26-10-2020,West,Senior
C0632,Lisa,Larsen,Other,41,05-01-2022,East,Middle-aged
C0633,Sherry,Gilbert,Other,45,16-04-2021,South,Middle-aged
C0634,Denise,Chandler,Male,66,05-03-2024,South,Senior
C0635,Dylan,Mitchell,Other,36,13-03-2023,South,Middle-aged
C0636,Richard,Watson,Female,33,18-11-2020,North,Adult
C0637,Janet,Underwood,Other,68,16-07-2022,East,Senior
C0638,Sean,Sanchez,Male,50,19-01-2023,West,Middle-aged
C0639,Jasmine,George,Male,64,10-01-2023,North,Senior
C0640,Melissa,Brown,Female,68,27-07-2024,North,Senior
C0641,Danielle,Mack,Male,50,05-05-2021,West,Middle-aged
C0642,Heather,Ballard,Other,66,10-08-2023,East,Senior
C0643,Regina,Brown,Female,51,20-04-2024,West,Senior
C0644,Joshua,Walters,Male,38,26-02-2023,East,Middle-aged
C0645,Kaitlyn,Williams,Other,44,11-07-2021,West,Middle-aged
C0646,James,Morrow,Other,49,04-03-2022,West,Middle-aged
C0647,Jacqueline,Garcia,Female,55,18-06-2021,West,Senior
C0648,Richard,Mosley,Other,68,07-08-2024,North,Senior
C0649,Nathan,Avila,Male,32,09-07-2023,South,Adult
C0650,Sandra,Martinez,Female,33,30-08-2024,West,Adult
C0651,Kevin,Kim,Male,37,01-04-2025,West,Middle-aged
C0652,Misty,Oneal,Female,54,05-09-2024,South,Senior
C0653,Erik,Williams,Female,34,11-11-2022,North,Adult
C0654,Michael,Jefferson,Male,66,02-04-2023,North,Senior
C0655,David,Phillips,Female,44,25-09-2020,East,Middle-aged
C0656,Hannah,Frazier,Male,55,27-08-2023,North,Senior
C0657,Richard,Martinez,Female,50,24-01-2023,East,Middle-aged
C0658,Greg,Gonzalez,Female,46,02-07-2022,West,Middle-aged
C0659,Johnny,Nunez,Female,44,31-03-2022,East,Middle-aged
C0660,William,Miller,Female,38,13-07-2024,East,Middle-aged
C0661,Kristin,Powell,Female,19,04-10-2021,South,Young Adult
C0662,Jennifer,Reyes,Female,32,05-04-2024,East,Adult
C0663,Isaac,Watkins,Other,22,19-03-2024,East,Young Adult
C0664,John,Sandoval,Male,36,13-05-2022,North,Middle-aged
C0665,Luke,Santos,Female,32,28-05-2021,North,Adult
C0666,Nicole,Reynolds,Male,22,08-03-2024,East,Young Adult
C0667,Mary,White,Male,52,30-09-2021,South,Senior
C0668,Jonathan,Marshall,Female,30,18-03-2025,East,Adult
C0669,Kyle,Reilly,Female,37,17-05-2022,East,Middle-aged
C0670,Bryan,Turner,Male,63,13-08-2021,South,Senior
C0671,Andrew,Davis,Other,65,10-05-2023,East,Senior
C0672,Matthew,Good,Male,67,05-06-2020,East,Senior
C0673,Timothy,Moreno,Female,70,17-08-2020,East,Senior
C0674,Juan,Allen,Female,43,30-06-2021,North,Middle-aged
C0675,Jamie,Le,Female,59,26-09-2022,South,Senior
C0676,Laura,Lewis,Female,32,16-08-2023,South,Adult
C0677,Ashley,Johnson,Other,65,16-07-2021,South,Senior
C0678,Audrey,Benson,Female,32,09-07-2023,West,Adult
C0679,Deanna,Kent,Other,70,04-12-2022,West,Senior
C0680,Daniel,Calderon,Female,68,10-12-2023,North,Senior
C0681,Shannon,Henry,Female,30,22-05-2024,West,Adult
C0682,Ashley,Black,Other,44,08-05-2024,South,Middle-aged
C0683,Katherine,Saunders,Female,46,29-06-2022,North,Middle-aged
C0684,Diana,Mccormick,Female,26,14-01-2022,South,Adult
C0685,Erika,Brown,Female,65,30-04-2023,North,Senior
C0686,Melissa,Cox,Female,69,01-01-2023,East,Senior
C0687,Mark,Chavez,Female,32,24-02-2023,West,Adult
C0688,Melinda,Stewart,Female,61,13-06-2020,West,Senior
C0689,Courtney,Cook,Other,52,04-11-2020,East,Senior
C0690,Justin,Chang,Female,55,20-12-2023,North,Senior
C0691,Matthew,Norman,Other,68,24-04-2022,North,Senior
C0692,Margaret,Rodriguez,Male,27,28-05-2024,East,Adult
C0693,Daniel,Hudson,Other,58,26-05-2023,West,Senior
C0694,Lorraine,Smith,Female,31,05-06-2023,West,Adult
C0695,Amy,Johnson,Male,52,05-01-2024,West,Senior
C0696,Stephen,Ross,Male,48,13-11-2020,North,Middle-aged
C0697,Gregory,Harris,Female,54,28-02-2021,West,Senior
C0698,Charles,Gordon,Other,37,09-09-2024,North,Middle-aged
C0699,Sydney,Smith,Male,24,15-05-2021,South,Young Adult
C0700,Anthony,Reed,Male,70,09-01-2023,West,Senior
C0701,Jason,Mcneil,Male,29,17-05-2022,South,Adult
C0702,Nicholas,Williams,Male,42,23-02-2023,East,Middle-aged
C0703,John,Buck,Male,32,19-12-2020,East,Adult
C0704,David,Avery,Other,51,21-02-2023,North,Senior
C0705,Felicia,Guerrero,Female,21,16-12-2023,East,Young Adult
C0706,Madeline,Rodriguez,Other,44,03-08-2022,South,Middle-aged
C0707,Sheila,Vaughn,Female,44,17-01-2022,West,Middle-aged
C0708,Juan,Gross,Male,25,14-03-2025,South,Young Adult
C0709,Kevin,Brown,Other,44,20-12-2023,West,Middle-aged
C0710,David,Harris,Other,22,16-12-2021,West,Young Adult
C0711,Alice,Ross,Male,26,23-09-2021,South,Adult
C0712,Allison,Combs,Female,45,08-08-2023,West,Middle-aged
C0713,Vicki,Duncan,Male,56,11-08-2021,East,Senior
C0714,Patricia,Harvey,Other,30,19-08-2024,West,Adult
C0715,John,Phillips,Female,30,03-08-2021,North,Adult
C0716,David,Brown,Male,46,05-07-2020,North,Middle-aged
C0717,Deborah,Castillo,Female,56,24-08-2024,South,Senior
C0718,Joseph,Williams,Other,39,19-11-2021,West,Middle-aged
C0719,Michael,Kelly,Female,47,15-10-2024,North,Middle-aged
C0720,Megan,Sims,Other,23,09-08-2022,East,Young Adult
C0721,Elaine,Young,Other,47,12-04-2022,East,Middle-aged
C0722,Olivia,Nelson,Other,63,16-03-2025,East,Senior
C0723,Mark,Franklin,Female,57,19-10-2020,South,Senior
C0724,Robert,Davis,Female,33,02-03-2024,South,Adult
C0725,Eric,Moore,Other,64,06-03-2023,West,Senior
C0726,Mark,Bond,Female,42,25-03-2023,South,Middle-aged
C0727,Justin,Morris,Other,54,20-12-2024,North,Senior
C0728,Bradley,Gordon,Female,62,31-03-2023,North,Senior
C0729,Christopher,Morales,Male,28,22-08-2021,East,Adult
C0730,Gina,Wagner,Other,52,01-03-2021,East,Senior
C0731,Erin,Johnson,Other,22,12-07-2021,South,Young Adult
C0732,Kimberly,Harrell,Female,44,02-12-2023,North,Middle-aged
C0733,Jessica,Nelson,Female,22,15-06-2023,North,Young Adult
C0734,Michelle,Lindsey,Other,67,15-01-2022,East,Senior
C0735,Kelly,Nelson,Female,46,24-08-2020,South,Middle-aged
C0736,Matthew,Carr,Female,31,03-03-2021,North,Adult
C0737,Robert,Bennett,Female,19,25-05-2023,North,Young Adult
C0738,Danny,Salas,Other,62,14-09-2024,West,Senior
C0739,Mariah,Mercer,Female,39,27-10-2023,West,Middle-aged
C0740,John,Bush,Male,43,16-04-2021,North,Middle-aged
C0741,Laura,Warren,Male,34,29-05-2024,North,Adult
C0742,Steven,Mata,Other,26,12-06-2021,East,Adult
C0743,Andrew,Rivera,Other,65,07-02-2022,West,Senior
C0744,Sara,Collins,Female,47,07-04-2025,North,Middle-aged
C0745,Julie,Garcia,Male,53,25-02-2021,South,Senior
C0746,Tonya,Wilson,Other,46,04-06-2024,South,Middle-aged
C0747,Richard,Harrison,Female,70,26-09-2021,East,Senior
C0748,Michelle,Johns,Male,28,15-12-2021,North,Adult
C0749,Cory,Wise,Other,24,15-07-2023,South,Young Adult
C0750,Kyle,Montgomery,Female,25,18-11-2024,West,Young Adult
C0751,Sydney,Koch,Male,22,16-09-2021,North,Young Adult
C0752,Lacey,Luna,Other,35,06-07-2024,South,Adult
C0753,Kirsten,Allen,Female,40,05-10-2022,South,Middle-aged
C0754,Steven,Jordan,Male,63,24-11-2022,North,Senior
C0755,Jonathan,Miller,Other,52,27-03-2022,South,Senior
C0756,William,Roach,Female,62,10-03-2021,North,Senior
C0757,Leah,Hill,Other,69,09-08-2021,North,Senior
C0758,Barbara,Hernandez,Female,62,07-09-2024,East,Senior
C0759,Amanda,Johnson,Female,21,21-10-2022,North,Young Adult
C0760,Dana,Brown,Male,67,14-06-2024,West,Senior
C0761,Melissa,Fitzgerald,Male,33,03-09-2023,East,Adult
C0762,Antonio,Jackson,Male,30,26-10-2023,North,Adult
C0763,Rachel,Little,Male,44,23-03-2022,North,Middle-aged
C0764,David,Kelley,Male,39,16-10-2023,South,Middle-aged
C0765,Angela,Garcia,Other,60,19-12-2024,North,Senior
C0766,Seth,Edwards,Male,44,25-04-2021,South,Middle-aged
C0767,Daniel,Gregory,Other,28,21-11-2020,North,Adult
C0768,Gail,Rosales,Female,50,02-07-2024,North,Middle-aged
C0769,Renee,Tucker,Female,38,14-11-2020,South,Middle-aged
C0770,Emily,Johnson,Other,31,18-06-2023,West,Adult
C0771,Charlene,Benson,Female,25,29-12-2020,South,Young Adult
C0772,Kenneth,Stuart,Male,24,25-04-2024,East,Young Adult
C0773,Rhonda,Kline,Female,29,27-12-2022,North,Adult
C0774,Vanessa,Martin,Female,59,21-06-2022,East,Senior
C0775,Cynthia,Hart,Male,42,15-07-2023,South,Middle-aged
C0776,Katherine,Lane,Female,32,07-06-2021,North,Adult
C0777,Anna,Hammond,Other,70,17-03-2021,East,Senior
C0778,Taylor,Hudson,Other,57,05-03-2023,East,Senior
C0779,Joshua,Meyer,Male,22,16-04-2020,South,Young Adult
C0780,Breanna,Schroeder,Female,37,08-10-2023,West,Middle-aged
C0781,Latasha,Morales,Male,63,11-11-2020,South,Senior
C0782,Joseph,Logan,Female,24,28-06-2023,East,Young Adult
C0783,Alyssa,Wright,Other,62,13-03-2021,West,Senior
C0784,Angela,Johnson,Other,67,12-12-2020,South,Senior
C0785,Lisa,Richmond,Female,29,11-10-2020,East,Adult
C0786,Patricia,Mccarty,Other,48,31-07-2022,North,Middle-aged
C0787,Alicia,Jimenez,Female,19,07-06-2023,West,Young Adult
C0788,Timothy,Scott,Female,50,12-04-2023,South,Middle-aged
C0789,Tonya,Sandoval,Other,55,21-07-2024,North,Senior
C0790,Julie,Pugh,Male,19,20-11-2022,North,Young Adult
C0791,Brittany,Murray,Female,33,01-11-2023,West,Adult
C0792,Daniel,Haney,Male,57,31-12-2020,North,Senior
C0793,Charles,Lee,Male,26,13-05-2023,East,Adult
C0794,Brent,Brown,Female,36,21-08-2023,South,Middle-aged
C0795,Emily,Smith,Male,42,03-04-2025,South,Middle-aged
C0796,Jonathan,Gardner,Other,20,08-03-2023,South,Young Adult
C0797,Jordan,Smith,Other,56,29-04-2020,West,Senior
C0798,Rachel,Porter,Other,39,12-08-2020,South,Middle-aged
C0799,Jeffrey,Myers,Female,44,12-06-2024,North,Middle-aged
