product_id,product_name,category,brand,cost_price,unit_price,margin_pct,sold_units,return_quantity,return_rate,brand_in_name,profit
P0000,BrandA Shoulder,Electronics,BrandC,52.75,64.65,18.41,9,3,0.3333,BrandA,11.9
P0001,BrandA Responsibility,Electronics,BrandD,11.2,13.26,15.54,4,0,0.0,BrandA,2.06
P0002,BrandB Small,Electronics,BrandB,144.62,250.37,42.24,0,0,0.0,BrandB,105.75
P0003,BrandD Continue,Apparel,BrandD,119.91,219.25,45.31,0,0,0.0,BrandD,99.34
P0004,BrandA Indeed,Apparel,BrandD,71.35,88.47,19.35,5,0,0.0,BrandA,17.12
P0005,BrandC Cut,Electronics,BrandA,79.09,112.55,29.73,2,0,0.0,BrandC,33.46
P0006,BrandC Air,Home & Kitchen,BrandA,147.3,233.12,36.81,11,0,0.0,BrandC,85.82
P0007,BrandD State,Electronics,BrandC,166.73,276.22,39.64,3,0,0.0,BrandD,109.49
P0008,BrandC Growth,Apparel,BrandA,13.94,18.19,23.36,8,0,0.0,BrandC,4.25
P0009,BrandC Keep,Electronics,BrandB,173.96,250.87,30.66,2,0,0.0,BrandC,76.91
P0010,BrandD Reveal,Home & Kitchen,BrandB,77.19,99.46,22.39,6,0,0.0,BrandD,22.27
P0011,BrandC Laugh,Electronics,BrandB,109.16,144.13,24.26,5,0,0.0,BrandC,34.97
P0012,BrandD Cell,Personal Care,BrandC,197.96,331.78,40.33,4,0,0.0,BrandD,133.82
P0013,BrandB Seat,Home & Kitchen,BrandA,49.66,56.06,11.42,2,0,0.0,BrandB,6.4
P0014,BrandC Argue,Personal Care,BrandC,17.91,34.42,47.97,3,0,0.0,BrandC,16.51
P0015,BrandC Peace,Apparel,BrandD,82.15,157.98,48.0,1,0,0.0,BrandC,75.83
P0016,BrandD Crime,Apparel,BrandC,32.23,57.06,43.52,2,0,0.0,BrandD,24.83
P0017,BrandC Firm,Personal Care,BrandD,75.59,151.0,49.94,2,0,0.0,BrandC,75.41
P0018,BrandB Management,Personal Care,BrandA,152.38,285.71,46.67,0,0,0.0,BrandB,133.33
P0019,BrandB Left,Apparel,BrandD,121.3,175.44,30.86,3,0,0.0,BrandB,54.14
P0020,BrandD House,Home & Kitchen,BrandA,137.66,165.62,16.88,1,0,0.0,BrandD,27.96
P0021,BrandC Shake,Home & Kitchen,BrandA,62.23,77.31,19.51,5,1,0.2,BrandC,15.08
P0022,BrandA Much,Home & Kitchen,BrandB,104.0,124.36,16.37,12,0,0.0,BrandA,20.36
P0023,BrandC Believe,Apparel,Unknown,77.91,97.03,19.71,5,0,0.0,BrandC,19.12
P0024,BrandA Black,Home & Kitchen,BrandD,8.8,17.04,48.36,1,0,0.0,BrandA,8.24
P0025,BrandC Resource,Apparel,BrandA,51.97,83.7,37.91,7,0,0.0,BrandC,31.73
P0026,BrandA Fund,Electronics,BrandD,164.12,324.99,49.5,5,0,0.0,BrandA,160.87
P0027,BrandB Probably,Apparel,BrandD,189.64,236.79,19.91,11,0,0.0,BrandB,47.15
P0028,BrandD Degree,Apparel,BrandB,144.03,210.15,31.46,1,0,0.0,BrandD,66.12
P0029,BrandC Stuff,Personal Care,BrandD,28.6,37.24,23.2,6,0,0.0,BrandC,8.64
P0030,BrandC War,Electronics,BrandB,119.75,132.5,9.62,5,2,0.4,BrandC,12.75
P0031,BrandA Responsibility,Apparel,BrandA,181.56,340.18,46.63,6,0,0.0,BrandA,158.62
P0032,BrandA Role,Apparel,BrandC,135.45,175.11,22.65,4,0,0.0,BrandA,39.66
P0033,BrandB Training,Personal Care,BrandB,158.0,288.63,45.26,8,1,0.125,BrandB,130.63
P0034,BrandB Draw,Electronics,BrandA,133.5,189.42,29.52,3,0,0.0,BrandB,55.92
P0035,BrandD Sure,Personal Care,BrandA,136.31,270.68,49.64,6,0,0.0,BrandD,134.37
P0036,BrandA Beautiful,Electronics,BrandD,147.0,267.62,45.07,1,0,0.0,BrandA,120.62
P0037,BrandA One,Apparel,BrandB,42.09,63.29,33.5,5,0,0.0,BrandA,21.2
P0038,BrandD The,Apparel,BrandC,95.21,179.66,47.01,2,0,0.0,BrandD,84.45
P0039,BrandA Professor,Personal Care,BrandA,14.86,29.71,49.98,2,0,0.0,BrandA,14.85
P0040,BrandA Identify,Electronics,BrandB,37.43,57.53,34.94,5,0,0.0,BrandA,20.1
P0041,BrandB Prevent,Personal Care,BrandA,37.1,40.88,9.25,2,0,0.0,BrandB,3.78
P0042,BrandD Outside,Home & Kitchen,BrandD,60.62,104.69,42.1,2,0,0.0,BrandD,44.07
P0043,BrandD Who,Apparel,Unknown,62.86,123.95,49.29,7,3,0.4286,BrandD,61.09
P0044,BrandA Argue,Home & Kitchen,Unknown,14.78,22.6,34.6,5,0,0.0,BrandA,7.82
P0045,BrandB Tend,Electronics,BrandA,171.01,198.66,13.92,3,0,0.0,BrandB,27.65
P0046,BrandA Usually,Apparel,BrandD,28.38,53.96,47.41,5,0,0.0,BrandA,25.58
P0047,BrandB Son,Electronics,BrandA,86.75,141.0,38.48,8,0,0.0,BrandB,54.25
P0048,BrandC Carry,Home & Kitchen,BrandB,135.6,187.5,27.68,3,0,0.0,BrandC,51.9
P0049,BrandC Bit,Personal Care,Unknown,135.98,186.29,27.01,5,0,0.0,BrandC,50.31
P0050,BrandC Marriage,Electronics,BrandA,94.37,188.61,49.97,6,0,0.0,BrandC,94.24
P0051,BrandA Table,Electronics,BrandB,103.65,126.37,17.98,0,0,0.0,BrandA,22.72
P0052,BrandC Agency,Electronics,BrandB,77.06,95.71,19.49,10,0,0.0,BrandC,18.65
P0053,BrandC Decision,Electronics,BrandC,186.69,222.76,16.19,33,2,0.0606,BrandC,36.07
P0054,BrandB Our,Home & Kitchen,BrandA,178.49,315.6,43.44,4,0,0.0,BrandB,137.11
P0055,BrandB Day,Home & Kitchen,BrandC,122.94,214.63,42.72,3,0,0.0,BrandB,91.69
P0056,BrandB Operation,Home & Kitchen,BrandD,53.97,103.48,47.84,11,0,0.0,BrandB,49.51
P0057,BrandA Majority,Electronics,BrandD,166.72,190.01,12.26,4,0,0.0,BrandA,23.29
P0058,BrandC Recently,Apparel,Unknown,36.51,54.68,33.23,0,0,0.0,BrandC,18.17
P0059,BrandD Mother,Electronics,BrandA,19.67,37.27,47.22,3,0,0.0,BrandD,17.6
P0060,BrandB Society,Electronics,BrandC,118.59,146.26,18.92,7,0,0.0,BrandB,27.67
P0061,BrandB Off,Electronics,BrandC,76.11,147.64,48.45,3,0,0.0,BrandB,71.53
P0062,BrandA Five,Home & Kitchen,BrandB,138.0,234.63,41.18,10,1,0.1,BrandA,96.63
P0063,BrandC Congress,Personal Care,BrandB,185.52,243.6,23.84,4,0,0.0,BrandC,58.08
P0064,BrandB Important,Apparel,BrandD,9.83,17.33,43.28,9,0,0.0,BrandB,7.5
P0065,BrandC Moment,Personal Care,BrandB,57.03,103.15,44.71,2,0,0.0,BrandC,46.12
P0066,BrandA Computer,Personal Care,BrandA,172.43,224.19,23.09,3,0,0.0,BrandA,51.76
P0067,BrandD Indeed,Home & Kitchen,BrandC,165.0,310.89,46.93,2,0,0.0,BrandD,145.89
P0068,BrandB Nice,Electronics,BrandB,82.7,111.71,25.97,1,0,0.0,BrandB,29.01
P0069,BrandA Wait,Home & Kitchen,BrandC,130.09,189.89,31.49,4,2,0.5,BrandA,59.8
P0070,BrandC Quality,Electronics,Unknown,176.02,235.0,25.1,5,1,0.2,BrandC,58.98
P0071,BrandC Tough,Electronics,BrandA,121.33,171.21,29.13,8,0,0.0,BrandC,49.88
P0072,BrandC Finish,Personal Care,BrandA,80.11,129.69,38.23,2,0,0.0,BrandC,49.58
P0073,BrandC Help,Electronics,BrandD,5.33,10.3,48.25,4,0,0.0,BrandC,4.97
P0074,BrandB No,Home & Kitchen,BrandD,18.64,31.65,41.11,3,0,0.0,BrandB,13.01
P0075,BrandC Better,Home & Kitchen,BrandA,145.35,199.17,27.02,1,0,0.0,BrandC,53.82
P0076,BrandC Economy,Personal Care,BrandC,83.47,114.03,26.8,5,0,0.0,BrandC,30.56
P0077,BrandB Need,Apparel,BrandD,134.66,194.08,30.62,1,0,0.0,BrandB,59.42
P0078,BrandB Oil,Home & Kitchen,BrandD,111.85,123.08,9.12,7,0,0.0,BrandB,11.23
P0079,BrandC Southern,Apparel,BrandD,158.22,260.43,39.25,3,0,0.0,BrandC,102.21
P0080,BrandC Market,Personal Care,BrandD,91.22,117.89,22.62,6,0,0.0,BrandC,26.67
P0081,BrandD Need,Apparel,BrandA,60.34,102.43,41.09,5,0,0.0,BrandD,42.09
P0082,BrandC Society,Electronics,BrandB,136.2,177.36,23.21,6,0,0.0,BrandC,41.16
P0083,BrandB Weight,Apparel,BrandA,14.01,27.82,49.64,4,0,0.0,BrandB,13.81
P0084,BrandA Head,Personal Care,BrandD,177.8,287.7,38.2,1,0,0.0,BrandA,109.9
P0085,BrandD Officer,Personal Care,BrandD,52.58,88.88,40.84,4,0,0.0,BrandD,36.3
P0086,BrandA Born,Electronics,BrandD,47.67,86.94,45.17,2,0,0.0,BrandA,39.27
P0087,BrandD Accept,Electronics,BrandB,183.91,222.39,17.3,2,0,0.0,BrandD,38.48
P0088,BrandB Compare,Personal Care,BrandC,190.26,361.93,47.43,8,0,0.0,BrandB,171.67
P0089,BrandD Answer,Personal Care,BrandB,150.01,229.1,34.52,6,0,0.0,BrandD,79.09
P0090,BrandC Chance,Apparel,BrandC,154.33,242.17,36.27,3,0,0.0,BrandC,87.84
P0091,BrandB Add,Home & Kitchen,BrandD,20.11,27.29,26.31,6,0,0.0,BrandB,7.18
P0092,BrandC Half,Home & Kitchen,BrandC,179.14,210.05,14.72,10,0,0.0,BrandC,30.91
P0093,BrandB Present,Apparel,BrandD,140.32,243.56,42.39,9,0,0.0,BrandB,103.24
P0094,BrandA President,Personal Care,BrandD,69.52,105.62,34.18,3,0,0.0,BrandA,36.1
P0095,BrandA So,Apparel,BrandD,80.95,145.13,44.22,8,0,0.0,BrandA,64.18
P0096,BrandA Drive,Personal Care,BrandD,6.15,8.71,29.39,1,0,0.0,BrandA,2.56
P0097,BrandD Might,Personal Care,BrandB,100.2,134.83,25.68,1,0,0.0,BrandD,34.63
P0098,BrandD Officer,Electronics,BrandD,70.55,120.73,41.56,6,0,0.0,BrandD,50.18
P0099,BrandD Indicate,Apparel,BrandD,184.31,365.42,49.56,1,0,0.0,BrandD,181.11
P0100,BrandA Off,Personal Care,BrandA,21.37,31.75,32.69,3,0,0.0,BrandA,10.38
P0101,BrandD Fall,Apparel,Unknown,55.73,77.72,28.29,1,0,0.0,BrandD,21.99
P0102,BrandD Improve,Home & Kitchen,BrandC,153.44,221.14,30.61,7,2,0.2857,BrandD,67.7
P0103,BrandD Or,Home & Kitchen,BrandA,96.71,171.58,43.64,2,1,0.5,BrandD,74.87
P0104,BrandA Among,Home & Kitchen,BrandB,131.78,237.61,44.54,14,0,0.0,BrandA,105.83
P0105,BrandA Same,Electronics,BrandB,43.88,49.07,10.58,6,0,0.0,BrandA,5.19
P0106,BrandB Follow,Apparel,BrandB,97.34,117.1,16.87,4,1,0.25,BrandB,19.76
P0107,BrandB Never,Personal Care,Unknown,154.55,193.34,20.06,5,0,0.0,BrandB,38.79
P0108,BrandA Make,Apparel,BrandC,26.08,29.29,10.96,4,0,0.0,BrandA,3.21
P0109,BrandC Break,Personal Care,Unknown,188.59,241.11,21.78,6,1,0.1667,BrandC,52.52
P0110,BrandB Not,Electronics,BrandC,170.81,280.19,39.04,10,3,0.3,BrandB,109.38
P0111,BrandA First,Electronics,BrandC,108.89,184.61,41.02,8,0,0.0,BrandA,75.72
P0112,BrandA Represent,Home & Kitchen,BrandA,170.67,314.05,45.66,6,3,0.5,BrandA,143.38
P0113,BrandA Company,Personal Care,BrandC,128.94,238.0,45.82,5,2,0.4,BrandA,109.06
P0114,BrandB You,Personal Care,BrandB,148.09,291.58,49.21,3,0,0.0,BrandB,143.49
P0115,BrandC Piece,Personal Care,BrandD,89.94,158.11,43.12,0,0,0.0,BrandC,68.17
P0116,BrandC Sometimes,Home & Kitchen,BrandB,166.99,196.71,15.11,8,0,0.0,BrandC,29.72
P0117,BrandD Hair,Apparel,BrandD,116.12,197.56,41.22,4,0,0.0,BrandD,81.44
P0118,BrandC Manager,Electronics,BrandD,170.94,216.01,20.86,0,0,0.0,BrandC,45.07
P0119,BrandB Quite,Home & Kitchen,BrandC,71.37,135.05,47.15,3,0,0.0,BrandB,63.68
P0120,BrandC Arm,Electronics,BrandB,21.69,37.92,42.8,0,0,0.0,BrandC,16.23
P0121,BrandD Stand,Apparel,BrandD,130.95,201.89,35.14,4,0,0.0,BrandD,70.94
P0122,BrandA Loss,Electronics,BrandC,48.21,83.05,41.95,1,0,0.0,BrandA,34.84
P0123,BrandC Word,Home & Kitchen,BrandD,112.93,159.16,29.05,5,0,0.0,BrandC,46.23
P0124,BrandC Every,Home & Kitchen,BrandD,57.83,76.7,24.6,6,0,0.0,BrandC,18.87
P0125,BrandA Off,Apparel,BrandC,28.31,44.79,36.79,2,0,0.0,BrandA,16.48
P0126,BrandB History,Apparel,BrandB,149.03,201.02,25.86,4,0,0.0,BrandB,51.99
P0127,BrandC Another,Electronics,BrandB,62.77,89.43,29.81,5,0,0.0,BrandC,26.66
P0128,BrandC Look,Electronics,BrandB,58.49,115.63,49.42,5,0,0.0,BrandC,57.14
P0129,BrandC Let,Apparel,BrandD,25.0,27.78,10.01,8,2,0.25,BrandC,2.78
P0130,BrandC Trial,Personal Care,BrandD,90.89,115.06,21.01,3,0,0.0,BrandC,24.17
P0131,BrandA Gas,Home & Kitchen,BrandD,27.25,31.58,13.71,0,0,0.0,BrandA,4.33
P0132,BrandD Ever,Electronics,BrandA,34.59,63.3,45.36,2,0,0.0,BrandD,28.71
P0133,BrandC Physical,Electronics,BrandB,28.1,50.24,44.07,7,3,0.4286,BrandC,22.14
P0134,BrandB Step,Personal Care,BrandD,182.16,249.13,26.88,3,0,0.0,BrandB,66.97
P0135,BrandD Especially,Home & Kitchen,BrandA,123.88,218.78,43.38,4,0,0.0,BrandD,94.9
P0136,BrandB Treat,Apparel,BrandC,133.78,166.07,19.44,1,0,0.0,BrandB,32.29
P0137,BrandB Money,Electronics,BrandB,5.52,8.31,33.57,7,0,0.0,BrandB,2.79
P0138,BrandD Prove,Home & Kitchen,BrandA,50.14,87.06,42.41,2,0,0.0,BrandD,36.92
P0139,BrandD Own,Electronics,BrandB,185.16,334.96,44.72,2,0,0.0,BrandD,149.8
P0140,BrandB Community,Personal Care,BrandA,111.19,187.12,40.58,3,2,0.6667,BrandB,75.93
P0141,BrandC Hour,Apparel,BrandA,16.63,30.16,44.86,3,0,0.0,BrandC,13.53
P0142,BrandC Factor,Personal Care,BrandA,96.4,132.42,27.2,4,0,0.0,BrandC,36.02
P0143,BrandD Dark,Home & Kitchen,BrandD,90.36,148.03,38.96,0,0,0.0,BrandD,57.67
P0144,BrandD Mind,Home & Kitchen,BrandC,10.04,13.11,23.42,2,0,0.0,BrandD,3.07
P0145,BrandA Stay,Home & Kitchen,BrandA,153.81,193.44,20.49,2,1,0.5,BrandA,39.63
P0146,BrandD Church,Home & Kitchen,BrandB,199.4,297.56,32.99,8,0,0.0,BrandD,98.16
P0147,BrandD Safe,Electronics,BrandD,72.85,101.99,28.57,1,0,0.0,BrandD,29.14
P0148,BrandA Particular,Apparel,BrandC,85.27,131.82,35.31,1,0,0.0,BrandA,46.55
P0149,BrandD Hot,Electronics,BrandD,22.17,29.42,24.64,4,0,0.0,BrandD,7.25
P0150,BrandA Serious,Personal Care,BrandA,133.24,211.63,37.04,0,0,0.0,BrandA,78.39
P0151,BrandD Side,Electronics,BrandB,106.1,176.17,39.77,10,0,0.0,BrandD,70.07
P0152,BrandD Growth,Personal Care,BrandA,44.69,71.25,37.28,0,0,0.0,BrandD,26.56
P0153,BrandC Surface,Personal Care,BrandD,28.68,56.67,49.39,6,2,0.3333,BrandC,27.99
P0154,BrandB Alone,Apparel,BrandC,112.41,179.52,37.38,5,3,0.6,BrandB,67.11
P0155,BrandA World,Apparel,BrandA,94.98,114.52,17.06,2,1,0.5,BrandA,19.54
P0156,BrandB Smile,Personal Care,BrandC,104.23,140.3,25.71,5,1,0.2,BrandB,36.07
P0157,BrandD Past,Personal Care,BrandB,94.07,115.72,18.71,0,0,0.0,BrandD,21.65
P0158,BrandB Value,Apparel,BrandA,58.87,106.61,44.78,7,0,0.0,BrandB,47.74
P0159,BrandD Some,Home & Kitchen,BrandC,165.01,223.52,26.18,3,0,0.0,BrandD,58.51
P0160,BrandC Memory,Personal Care,BrandB,92.08,141.43,34.89,2,0,0.0,BrandC,49.35
P0161,BrandC Least,Personal Care,BrandD,186.91,351.88,46.88,5,0,0.0,BrandC,164.97
P0162,BrandB Onto,Personal Care,BrandB,171.92,252.67,31.96,4,0,0.0,BrandB,80.75
P0163,BrandC Power,Personal Care,Unknown,80.29,136.28,41.08,1,0,0.0,BrandC,55.99
P0164,BrandB Whatever,Personal Care,BrandA,29.62,58.32,49.21,1,0,0.0,BrandB,28.7
P0165,BrandC Establish,Electronics,BrandD,24.44,46.91,47.9,2,0,0.0,BrandC,22.47
P0166,BrandA Human,Apparel,BrandD,174.83,344.93,49.31,4,0,0.0,BrandA,170.1
P0167,BrandA Early,Personal Care,BrandC,71.02,122.4,41.98,2,0,0.0,BrandA,51.38
P0168,BrandA Mouth,Home & Kitchen,BrandD,191.06,317.95,39.91,0,0,0.0,BrandA,126.89
P0169,BrandD Get,Electronics,BrandA,50.78,87.14,41.73,2,0,0.0,BrandD,36.36
P0170,BrandC Education,Apparel,Unknown,89.62,106.52,15.87,5,0,0.0,BrandC,16.9
P0171,BrandA Sometimes,Personal Care,BrandB,140.33,268.46,47.73,4,1,0.25,BrandA,128.13
P0172,BrandA Difficult,Home & Kitchen,BrandA,62.21,89.42,30.43,4,0,0.0,BrandA,27.21
P0173,BrandB Player,Apparel,BrandD,115.36,209.18,44.85,13,0,0.0,BrandB,93.82
P0174,BrandB Decide,Apparel,BrandA,123.85,178.88,30.76,4,0,0.0,BrandB,55.03
P0175,BrandB Give,Personal Care,BrandB,50.28,84.17,40.26,0,0,0.0,BrandB,33.89
P0176,BrandD Offer,Home & Kitchen,BrandA,180.29,273.81,34.16,12,0,0.0,BrandD,93.52
P0177,BrandC May,Apparel,BrandA,91.14,128.6,29.13,7,3,0.4286,BrandC,37.46
P0178,BrandC Use,Personal Care,BrandC,94.08,129.07,27.11,6,0,0.0,BrandC,34.99
P0179,BrandD Product,Personal Care,BrandA,51.26,82.77,38.07,2,0,0.0,BrandD,31.51
P0180,BrandC Unit,Home & Kitchen,BrandA,195.7,331.2,40.91,5,0,0.0,BrandC,135.5
P0181,BrandC Card,Electronics,BrandA,182.57,323.27,43.52,21,0,0.0,BrandC,140.7
P0182,BrandC Fund,Apparel,BrandC,47.71,60.65,21.34,4,0,0.0,BrandC,12.94
P0183,BrandC Direction,Apparel,BrandA,181.16,304.66,40.54,10,0,0.0,BrandC,123.5
P0184,BrandC Think,Personal Care,BrandA,118.02,207.61,43.15,10,0,0.0,BrandC,89.59
P0185,BrandA Mind,Home & Kitchen,BrandC,150.76,189.67,20.51,5,0,0.0,BrandA,38.91
P0186,BrandB Who,Home & Kitchen,BrandC,166.94,222.24,24.88,0,0,0.0,BrandB,55.3
P0187,BrandD Party,Home & Kitchen,BrandC,161.83,246.22,34.27,3,0,0.0,BrandD,84.39
P0188,BrandA Strong,Apparel,BrandB,172.73,302.59,42.92,8,0,0.0,BrandA,129.86
P0189,BrandD Tax,Home & Kitchen,BrandA,159.18,177.09,10.11,9,1,0.1111,BrandD,17.91
P0190,BrandA Middle,Personal Care,BrandC,136.2,232.24,41.35,10,0,0.0,BrandA,96.04
P0191,BrandD Face,Home & Kitchen,BrandA,136.59,208.21,34.4,1,0,0.0,BrandD,71.62
P0192,BrandC Become,Apparel,BrandA,128.9,195.65,34.12,4,0,0.0,BrandC,66.75
P0193,BrandC Nothing,Personal Care,BrandA,32.26,62.96,48.76,8,3,0.375,BrandC,30.7
P0194,BrandC In,Personal Care,BrandA,23.95,45.47,47.33,2,0,0.0,BrandC,21.52
P0195,BrandB Care,Personal Care,BrandD,77.35,151.18,48.84,10,0,0.0,BrandB,73.83
P0196,BrandD Strategy,Apparel,BrandD,132.71,245.56,45.96,4,0,0.0,BrandD,112.85
P0197,BrandD Campaign,Home & Kitchen,BrandA,139.6,180.86,22.81,5,0,0.0,BrandD,41.26
P0198,BrandD Instead,Apparel,BrandC,24.37,41.85,41.77,0,0,0.0,BrandD,17.48
P0199,BrandC Grow,Electronics,BrandD,58.8,115.92,49.28,14,0,0.0,BrandC,57.12
P0200,BrandD While,Electronics,BrandB,130.13,213.08,38.93,1,0,0.0,BrandD,82.95
P0201,BrandA Good,Electronics,BrandC,52.5,63.7,17.58,5,0,0.0,BrandA,11.2
P0202,BrandB Simple,Electronics,BrandB,119.34,218.6,45.41,2,1,0.5,BrandB,99.26
P0203,BrandB Since,Home & Kitchen,BrandB,158.79,259.84,38.89,3,0,0.0,BrandB,101.05
P0204,BrandC Right,Apparel,BrandB,110.34,200.67,45.01,10,0,0.0,BrandC,90.33
P0205,BrandA Congress,Electronics,BrandB,7.9,14.31,44.79,8,0,0.0,BrandA,6.41
P0206,BrandB Police,Home & Kitchen,BrandA,38.98,44.72,12.84,10,0,0.0,BrandB,5.74
P0207,BrandD Use,Electronics,BrandA,97.87,176.19,44.45,7,0,0.0,BrandD,78.32
P0208,BrandA Situation,Personal Care,BrandB,189.36,215.69,12.21,0,0,0.0,BrandA,26.33
P0209,BrandC Over,Personal Care,BrandA,16.86,25.81,34.68,4,0,0.0,BrandC,8.95
P0210,BrandD Discuss,Personal Care,BrandA,100.6,193.02,47.88,7,1,0.1429,BrandD,92.42
P0211,BrandA Middle,Electronics,BrandC,123.62,143.29,13.73,2,0,0.0,BrandA,19.67
P0212,BrandC Finally,Home & Kitchen,BrandD,198.95,313.84,36.61,13,0,0.0,BrandC,114.89
P0213,BrandD Young,Personal Care,BrandA,159.65,192.05,16.87,6,0,0.0,BrandD,32.4
P0214,BrandB Apply,Personal Care,BrandD,178.18,262.36,32.09,4,0,0.0,BrandB,84.18
P0215,BrandD Whom,Personal Care,BrandD,147.27,203.42,27.6,2,0,0.0,BrandD,56.15
P0216,BrandC Between,Home & Kitchen,BrandC,190.95,328.08,41.8,5,0,0.0,BrandC,137.13
P0217,BrandD Husband,Electronics,BrandA,167.2,197.95,15.53,6,0,0.0,BrandD,30.75
P0218,BrandA Child,Home & Kitchen,BrandB,113.49,184.74,38.57,1,0,0.0,BrandA,71.25
P0219,BrandC Radio,Electronics,BrandD,73.95,125.63,41.14,6,0,0.0,BrandC,51.68
P0220,BrandD Artist,Electronics,BrandC,122.08,172.92,29.4,2,0,0.0,BrandD,50.84
P0221,BrandB Network,Apparel,BrandD,48.73,58.35,16.49,2,0,0.0,BrandB,9.62
P0222,BrandC Business,Electronics,BrandC,116.95,213.61,45.25,5,0,0.0,BrandC,96.66
P0223,BrandA Song,Home & Kitchen,BrandA,40.18,69.61,42.28,3,0,0.0,BrandA,29.43
P0224,BrandC Mouth,Home & Kitchen,BrandC,6.19,11.66,46.91,2,0,0.0,BrandC,5.47
P0225,BrandD Week,Electronics,BrandB,149.49,295.19,49.36,2,0,0.0,BrandD,145.7
P0226,BrandA Other,Apparel,BrandD,86.87,122.21,28.92,2,2,1.0,BrandA,35.34
P0227,BrandC Recent,Home & Kitchen,BrandC,156.48,252.06,37.92,6,0,0.0,BrandC,95.58
P0228,BrandA Herself,Electronics,BrandB,35.69,59.1,39.61,1,0,0.0,BrandA,23.41
P0229,BrandA Degree,Home & Kitchen,BrandD,134.08,206.09,34.94,3,0,0.0,BrandA,72.01
P0230,BrandD Car,Personal Care,BrandC,47.04,73.43,35.94,8,2,0.25,BrandD,26.39
P0231,BrandC Part,Personal Care,BrandA,60.23,103.03,41.54,2,0,0.0,BrandC,42.8
P0232,BrandD Poor,Home & Kitchen,BrandA,48.0,95.33,49.65,0,0,0.0,BrandD,47.33
P0233,BrandA Relationship,Electronics,BrandB,63.78,82.28,22.48,5,0,0.0,BrandA,18.5
P0234,BrandB Cup,Home & Kitchen,BrandC,68.98,76.36,9.66,1,0,0.0,BrandB,7.38
P0235,BrandD List,Apparel,BrandB,79.14,137.17,42.31,0,0,0.0,BrandD,58.03
P0236,BrandC Still,Electronics,BrandD,173.04,196.93,12.13,5,0,0.0,BrandC,23.89
P0237,BrandA During,Personal Care,BrandA,173.11,280.12,38.2,4,2,0.5,BrandA,107.01
P0238,BrandD Say,Personal Care,BrandC,27.46,30.72,10.61,9,2,0.2222,BrandD,3.26
P0239,BrandC Market,Apparel,BrandD,167.25,322.42,48.13,10,0,0.0,BrandC,155.17
P0240,BrandA Real,Personal Care,Unknown,52.45,85.49,38.65,20,10,0.5,BrandA,33.04
P0241,BrandA Town,Personal Care,BrandC,150.43,195.47,23.04,2,0,0.0,BrandA,45.04
P0242,BrandB Report,Electronics,BrandA,108.47,138.25,21.54,5,0,0.0,BrandB,29.78
P0243,BrandC Who,Home & Kitchen,Unknown,51.07,62.91,18.82,6,0,0.0,BrandC,11.84
P0244,BrandB Walk,Apparel,BrandB,153.24,258.97,40.83,0,0,0.0,BrandB,105.73
P0245,BrandB We,Personal Care,BrandD,152.12,271.37,43.94,5,0,0.0,BrandB,119.25
P0246,BrandD Social,Home & Kitchen,BrandC,34.44,40.0,13.9,7,0,0.0,BrandD,5.56
P0247,BrandD Hundred,Home & Kitchen,BrandC,120.33,170.48,29.42,3,0,0.0,BrandD,50.15
P0248,BrandA Teacher,Home & Kitchen,BrandD,93.12,107.2,13.13,1,0,0.0,BrandA,14.08
P0249,BrandC Firm,Electronics,BrandA,124.93,194.44,35.75,2,0,0.0,BrandC,69.51
P0250,BrandD Hard,Electronics,BrandD,182.26,294.26,38.06,4,0,0.0,BrandD,112.0
P0251,BrandB Task,Home & Kitchen,BrandD,102.77,201.63,49.03,7,0,0.0,BrandB,98.86
P0252,BrandD Do,Electronics,BrandC,196.57,231.15,14.96,9,0,0.0,BrandD,34.58
P0253,BrandB Someone,Electronics,BrandB,142.99,284.82,49.8,2,0,0.0,BrandB,141.83
P0254,BrandB Least,Home & Kitchen,BrandC,184.0,266.56,30.97,6,3,0.5,BrandB,82.56
P0255,BrandC Exactly,Electronics,BrandC,17.85,21.15,15.6,14,0,0.0,BrandC,3.3
P0256,BrandD Now,Home & Kitchen,BrandC,146.13,247.09,40.86,1,0,0.0,BrandD,100.96
P0257,BrandB Mean,Home & Kitchen,BrandA,118.63,145.59,18.52,4,0,0.0,BrandB,26.96
P0258,BrandC Rise,Home & Kitchen,BrandD,30.15,52.4,42.46,7,0,0.0,BrandC,22.25
P0259,BrandA Current,Home & Kitchen,BrandD,130.48,182.1,28.35,4,0,0.0,BrandA,51.62
P0260,BrandB Thought,Electronics,BrandD,104.16,116.29,10.43,6,0,0.0,BrandB,12.13
P0261,BrandC Serve,Apparel,BrandB,71.64,128.2,44.12,3,2,0.6667,BrandC,56.56
P0262,BrandB Speak,Apparel,BrandB,35.21,48.1,26.8,3,0,0.0,BrandB,12.89
P0263,BrandA Candidate,Electronics,BrandC,175.9,291.33,39.62,2,0,0.0,BrandA,115.43
P0264,BrandD Pretty,Apparel,BrandB,40.26,69.39,41.98,7,0,0.0,BrandD,29.13
P0265,BrandB Line,Personal Care,BrandA,85.12,145.45,41.48,3,3,1.0,BrandB,60.33
P0266,BrandB Often,Personal Care,BrandC,151.72,273.92,44.61,4,0,0.0,BrandB,122.2
P0267,BrandB Edge,Apparel,BrandC,193.29,349.07,44.63,14,0,0.0,BrandB,155.78
P0268,BrandB Reason,Home & Kitchen,BrandD,95.03,128.63,26.12,5,0,0.0,BrandB,33.6
P0269,BrandD Give,Personal Care,BrandB,164.29,299.19,45.09,1,0,0.0,BrandD,134.9
P0270,BrandB Person,Home & Kitchen,BrandA,130.03,245.33,47.0,3,0,0.0,BrandB,115.3
P0271,BrandA How,Electronics,BrandC,21.36,26.58,19.64,3,0,0.0,BrandA,5.22
P0272,BrandD Political,Apparel,BrandD,22.88,43.92,47.91,9,0,0.0,BrandD,21.04
P0273,BrandD Continue,Home & Kitchen,BrandA,85.9,125.14,31.36,14,0,0.0,BrandD,39.24
P0274,BrandC Upon,Apparel,BrandD,198.93,285.95,30.43,4,0,0.0,BrandC,87.02
P0275,BrandA Similar,Home & Kitchen,BrandA,168.64,284.15,40.65,4,0,0.0,BrandA,115.51
P0276,BrandB Near,Apparel,BrandA,60.94,112.54,45.85,3,0,0.0,BrandB,51.6
P0277,BrandB Management,Personal Care,Unknown,124.99,239.39,47.79,13,0,0.0,BrandB,114.4
P0278,BrandA Tough,Home & Kitchen,BrandB,167.82,267.49,37.26,12,3,0.25,BrandA,99.67
P0279,BrandD Significant,Electronics,BrandC,51.34,62.1,17.33,2,0,0.0,BrandD,10.76
P0280,BrandB Itself,Personal Care,BrandD,17.25,31.96,46.03,2,0,0.0,BrandB,14.71
P0281,BrandD Force,Electronics,BrandB,145.12,197.67,26.58,3,1,0.3333,BrandD,52.55
P0282,BrandA Where,Home & Kitchen,BrandB,116.28,147.51,21.17,3,0,0.0,BrandA,31.23
P0283,BrandA Outside,Home & Kitchen,BrandA,190.91,303.48,37.09,8,0,0.0,BrandA,112.57
P0284,BrandA Become,Personal Care,BrandD,13.49,19.54,30.96,3,0,0.0,BrandA,6.05
P0285,BrandC Everybody,Home & Kitchen,BrandA,74.63,86.63,13.85,5,0,0.0,BrandC,12.0
P0286,BrandB Film,Electronics,BrandC,31.01,43.94,29.43,5,0,0.0,BrandB,12.93
P0287,BrandC Arm,Apparel,BrandD,196.26,300.41,34.67,2,0,0.0,BrandC,104.15
P0288,BrandB Owner,Apparel,BrandA,144.63,281.92,48.7,5,0,0.0,BrandB,137.29
P0289,BrandA Toward,Home & Kitchen,BrandB,13.54,17.32,21.82,5,0,0.0,BrandA,3.78
P0290,BrandA Ball,Home & Kitchen,BrandC,105.5,209.97,49.75,11,4,0.3636,BrandA,104.47
P0291,BrandD Memory,Home & Kitchen,BrandA,151.89,193.2,21.38,0,0,0.0,BrandD,41.31
P0292,BrandC Use,Electronics,BrandC,58.28,106.04,45.04,2,0,0.0,BrandC,47.76
P0293,BrandD President,Personal Care,BrandD,179.45,259.84,30.94,3,0,0.0,BrandD,80.39
P0294,BrandB Whatever,Personal Care,BrandD,76.63,139.28,44.98,5,0,0.0,BrandB,62.65
P0295,BrandC Right,Electronics,BrandD,20.39,33.48,39.1,2,0,0.0,BrandC,13.09
P0296,BrandB Popular,Home & Kitchen,BrandC,25.01,34.89,28.32,6,0,0.0,BrandB,9.88
P0297,BrandC Staff,Home & Kitchen,BrandD,122.51,181.74,32.59,4,0,0.0,BrandC,59.23
P0298,BrandD Open,Home & Kitchen,BrandD,13.26,24.97,46.9,6,4,0.6667,BrandD,11.71
P0299,BrandC Involve,Personal Care,BrandC,129.7,235.06,44.82,0,0,0.0,BrandC,105.36
P0300,BrandA Still,Electronics,BrandD,75.85,138.12,45.08,6,0,0.0,BrandA,62.27
P0301,BrandB Those,Electronics,BrandB,170.49,291.59,41.53,5,2,0.4,BrandB,121.1
P0302,BrandD Player,Electronics,BrandB,18.11,32.61,44.46,3,3,1.0,BrandD,14.5
P0303,BrandC Blood,Home & Kitchen,BrandD,190.15,214.71,11.44,3,0,0.0,BrandC,24.56
P0304,BrandB Treatment,Personal Care,BrandC,77.54,138.55,44.03,3,0,0.0,BrandB,61.01
P0305,BrandB Best,Home & Kitchen,BrandD,66.31,89.57,25.97,6,0,0.0,BrandB,23.26
P0306,BrandA Federal,Electronics,BrandB,102.31,148.17,30.95,2,0,0.0,BrandA,45.86
P0307,BrandA Him,Home & Kitchen,BrandC,142.29,184.0,22.67,3,0,0.0,BrandA,41.71
P0308,BrandC Adult,Personal Care,BrandB,28.91,53.99,46.45,6,1,0.1667,BrandC,25.08
P0309,BrandD Partner,Apparel,BrandD,199.47,364.92,45.34,8,0,0.0,BrandD,165.45
P0310,BrandC Policy,Home & Kitchen,BrandA,112.25,152.81,26.54,1,0,0.0,BrandC,40.56
P0311,BrandC Sign,Apparel,BrandB,159.77,248.9,35.81,6,3,0.5,BrandC,89.13
P0312,BrandA Already,Apparel,BrandB,51.16,79.02,35.26,0,0,0.0,BrandA,27.86
P0313,BrandC Trial,Home & Kitchen,BrandD,161.71,258.17,37.36,6,2,0.3333,BrandC,96.46
P0314,BrandA Check,Electronics,BrandC,82.64,144.23,42.7,3,0,0.0,BrandA,61.59
P0315,BrandD Gas,Personal Care,BrandD,165.55,193.09,14.26,3,0,0.0,BrandD,27.54
P0316,BrandC Start,Electronics,BrandD,95.84,150.05,36.13,5,0,0.0,BrandC,54.21
P0317,BrandB None,Apparel,BrandB,89.36,171.54,47.91,6,0,0.0,BrandB,82.18
P0318,BrandA Mean,Electronics,BrandB,64.3,80.1,19.73,4,0,0.0,BrandA,15.8
P0319,BrandB Role,Home & Kitchen,BrandC,169.96,225.29,24.56,1,0,0.0,BrandB,55.33
P0320,BrandC Summer,Apparel,BrandC,124.81,147.79,15.55,0,0,0.0,BrandC,22.98
P0321,BrandB Usually,Apparel,Unknown,133.45,233.35,42.81,4,0,0.0,BrandB,99.9
P0322,BrandC Tree,Electronics,BrandA,20.84,40.71,48.81,6,0,0.0,BrandC,19.87
P0323,BrandC Rate,Apparel,Unknown,125.53,141.5,11.29,1,1,1.0,BrandC,15.97
P0324,BrandC Somebody,Home & Kitchen,BrandD,52.75,96.35,45.25,1,0,0.0,BrandC,43.6
P0325,BrandD Religious,Home & Kitchen,BrandD,19.23,22.19,13.34,3,0,0.0,BrandD,2.96
P0326,BrandD Half,Personal Care,BrandD,95.57,134.39,28.89,22,0,0.0,BrandD,38.82
P0327,BrandB Head,Home & Kitchen,BrandC,148.17,277.77,46.66,6,1,0.1667,BrandB,129.6
P0328,BrandD Worry,Apparel,BrandC,105.42,126.04,16.36,5,0,0.0,BrandD,20.62
P0329,BrandB Build,Personal Care,BrandA,57.16,75.63,24.42,0,0,0.0,BrandB,18.47
P0330,BrandA Trouble,Electronics,BrandC,189.35,355.55,46.74,7,0,0.0,BrandA,166.2
P0331,BrandD Machine,Apparel,BrandB,163.63,317.5,48.46,6,0,0.0,BrandD,153.87
P0332,BrandC Number,Apparel,Unknown,102.16,159.7,36.03,9,0,0.0,BrandC,57.54
P0333,BrandD Something,Home & Kitchen,BrandD,9.52,18.57,48.73,6,0,0.0,BrandD,9.05
P0334,BrandD While,Apparel,BrandB,118.75,135.83,12.57,11,0,0.0,BrandD,17.08
P0335,BrandC Environment,Personal Care,BrandD,60.72,67.24,9.7,1,0,0.0,BrandC,6.52
P0336,BrandA Feel,Personal Care,BrandB,177.08,310.73,43.01,33,0,0.0,BrandA,133.65
P0337,BrandD Turn,Home & Kitchen,BrandA,83.11,134.08,38.01,2,0,0.0,BrandD,50.97
P0338,BrandB Read,Home & Kitchen,BrandC,19.34,30.05,35.64,0,0,0.0,BrandB,10.71
P0339,BrandC Lawyer,Electronics,BrandB,195.14,283.83,31.25,1,0,0.0,BrandC,88.69
P0340,BrandC Group,Home & Kitchen,BrandB,43.82,68.28,35.82,6,0,0.0,BrandC,24.46
P0341,BrandA Now,Electronics,BrandA,31.72,44.4,28.56,2,0,0.0,BrandA,12.68
P0342,BrandD Church,Personal Care,Unknown,123.22,192.71,36.06,0,0,0.0,BrandD,69.49
P0343,BrandC Computer,Home & Kitchen,BrandB,81.63,135.09,39.57,1,0,0.0,BrandC,53.46
P0344,BrandC Including,Home & Kitchen,Unknown,143.2,196.16,27.0,5,0,0.0,BrandC,52.96
P0345,BrandA Model,Home & Kitchen,BrandC,136.39,270.31,49.54,1,0,0.0,BrandA,133.92
P0346,BrandC And,Electronics,BrandD,56.78,95.96,40.83,4,0,0.0,BrandC,39.18
P0347,BrandB Camera,Electronics,BrandD,38.25,63.73,39.98,1,0,0.0,BrandB,25.48
P0348,BrandD Sport,Apparel,BrandB,11.16,21.8,48.81,5,0,0.0,BrandD,10.64
P0349,BrandA Base,Apparel,BrandA,91.0,134.4,32.29,2,0,0.0,BrandA,43.4
P0350,BrandD Either,Apparel,BrandD,102.85,169.74,39.41,4,0,0.0,BrandD,66.89
P0351,BrandD Debate,Electronics,BrandB,106.14,170.33,37.69,4,0,0.0,BrandD,64.19
P0352,BrandD Place,Personal Care,BrandC,191.55,289.95,33.94,9,0,0.0,BrandD,98.4
P0353,BrandC Might,Home & Kitchen,BrandC,123.96,157.81,21.45,11,0,0.0,BrandC,33.85
P0354,BrandB Memory,Home & Kitchen,Unknown,48.85,96.51,49.38,4,0,0.0,BrandB,47.66
P0355,BrandC Part,Home & Kitchen,Unknown,139.6,215.0,35.07,0,0,0.0,BrandC,75.4
P0356,BrandD Interest,Home & Kitchen,BrandC,61.12,98.78,38.13,2,0,0.0,BrandD,37.66
P0357,BrandD Animal,Personal Care,BrandC,191.15,348.69,45.18,1,0,0.0,BrandD,157.54
P0358,BrandC Fight,Electronics,Unknown,191.29,224.02,14.61,1,0,0.0,BrandC,32.73
P0359,BrandD Machine,Home & Kitchen,BrandD,46.73,86.22,45.8,7,0,0.0,BrandD,39.49
P0360,BrandC Table,Home & Kitchen,BrandB,26.3,46.47,43.4,4,1,0.25,BrandC,20.17
P0361,BrandB Mrs,Apparel,BrandA,135.62,214.0,36.63,4,0,0.0,BrandB,78.38
P0362,BrandB Understand,Electronics,Unknown,85.59,149.41,42.71,13,0,0.0,BrandB,63.82
P0363,BrandA Benefit,Apparel,BrandA,193.08,382.32,49.5,10,0,0.0,BrandA,189.24
P0364,BrandB Evidence,Personal Care,BrandD,98.1,125.52,21.85,3,0,0.0,BrandB,27.42
P0365,BrandC Through,Home & Kitchen,BrandC,130.95,251.05,47.84,4,1,0.25,BrandC,120.1
P0366,BrandA Yeah,Apparel,BrandA,183.08,230.23,20.48,2,0,0.0,BrandA,47.15
P0367,BrandB Why,Electronics,Unknown,158.65,201.12,21.12,9,1,0.1111,BrandB,42.47
P0368,BrandC Major,Electronics,BrandA,63.19,103.79,39.12,4,0,0.0,BrandC,40.6
P0369,BrandC Piece,Home & Kitchen,BrandD,197.87,314.41,37.07,9,0,0.0,BrandC,116.54
P0370,BrandD Economy,Apparel,BrandD,58.2,106.39,45.3,5,0,0.0,BrandD,48.19
P0371,BrandC Range,Apparel,BrandD,131.42,229.56,42.75,7,0,0.0,BrandC,98.14
P0372,BrandA Or,Home & Kitchen,BrandC,115.72,206.16,43.87,2,0,0.0,BrandA,90.44
P0373,BrandB Environment,Personal Care,BrandD,105.48,124.26,15.11,5,0,0.0,BrandB,18.78
P0374,BrandA Generation,Apparel,BrandB,98.1,190.53,48.51,9,1,0.1111,BrandA,92.43
P0375,BrandA Research,Home & Kitchen,BrandD,50.93,90.57,43.77,0,0,0.0,BrandA,39.64
P0376,BrandC Hard,Home & Kitchen,BrandA,56.0,79.72,29.75,8,0,0.0,BrandC,23.72
P0377,BrandB Set,Electronics,Unknown,95.75,119.09,19.6,6,0,0.0,BrandB,23.34
P0378,BrandC Himself,Electronics,BrandC,76.67,99.58,23.01,5,0,0.0,BrandC,22.91
P0379,BrandB Outside,Personal Care,BrandB,93.72,186.5,49.75,7,0,0.0,BrandB,92.78
P0380,BrandC Raise,Personal Care,Unknown,152.68,278.15,45.11,3,2,0.6667,BrandC,125.47
P0381,BrandB Someone,Apparel,BrandA,107.47,169.3,36.52,6,0,0.0,BrandB,61.83
P0382,BrandC Family,Electronics,BrandA,17.04,27.14,37.21,5,1,0.2,BrandC,10.1
P0383,BrandB Finally,Apparel,BrandB,68.98,108.18,36.24,1,1,1.0,BrandB,39.2
P0384,BrandA Commercial,Apparel,BrandD,22.73,35.44,35.86,1,0,0.0,BrandA,12.71
P0385,BrandA Door,Personal Care,BrandB,105.08,158.79,33.82,7,0,0.0,BrandA,53.71
P0386,BrandA Recent,Personal Care,BrandC,146.04,212.69,31.34,4,0,0.0,BrandA,66.65
P0387,BrandA Happen,Apparel,BrandA,13.83,19.5,29.08,2,0,0.0,BrandA,5.67
P0388,BrandA Scene,Electronics,BrandA,197.3,300.86,34.42,2,0,0.0,BrandA,103.56
P0389,BrandC Occur,Personal Care,BrandB,154.95,277.24,44.11,24,0,0.0,BrandC,122.29
P0390,BrandD Minute,Home & Kitchen,Unknown,92.46,178.02,48.06,7,0,0.0,BrandD,85.56
P0391,BrandD Different,Personal Care,BrandA,138.13,234.22,41.03,1,0,0.0,BrandD,96.09
P0392,BrandB Must,Home & Kitchen,BrandA,39.8,63.02,36.85,0,0,0.0,BrandB,23.22
P0393,BrandB Put,Apparel,BrandA,152.45,301.95,49.51,3,3,1.0,BrandB,149.5
P0394,BrandD Set,Personal Care,BrandD,165.56,219.0,24.4,4,0,0.0,BrandD,53.44
P0395,BrandC Charge,Apparel,BrandC,41.75,78.81,47.02,1,0,0.0,BrandC,37.06
P0396,BrandA Power,Electronics,BrandD,124.91,242.65,48.52,4,1,0.25,BrandA,117.74
P0397,BrandA Officer,Apparel,BrandB,18.12,29.62,38.83,3,0,0.0,BrandA,11.5
P0398,BrandD Always,Electronics,BrandB,149.41,218.44,31.6,5,0,0.0,BrandD,69.03
P0399,BrandB Figure,Apparel,BrandA,32.33,64.47,49.85,3,0,0.0,BrandB,32.14
P0400,BrandB Window,Home & Kitchen,BrandC,51.2,96.7,47.05,0,0,0.0,BrandB,45.5
P0401,BrandB While,Personal Care,BrandC,58.66,93.92,37.54,5,0,0.0,BrandB,35.26
P0402,BrandB Few,Personal Care,BrandD,14.14,19.94,29.09,26,0,0.0,BrandB,5.8
P0403,BrandD Official,Home & Kitchen,BrandD,84.61,115.91,27.0,2,2,1.0,BrandD,31.3
P0404,BrandB Recognize,Personal Care,BrandB,170.62,233.86,27.04,3,0,0.0,BrandB,63.24
P0405,BrandB Charge,Personal Care,BrandA,114.67,226.02,49.27,3,0,0.0,BrandB,111.35
P0406,BrandB Knowledge,Personal Care,BrandB,54.72,76.46,28.43,9,0,0.0,BrandB,21.74
P0407,BrandA Purpose,Personal Care,BrandC,23.03,40.35,42.92,3,0,0.0,BrandA,17.32
P0408,BrandB Traditional,Electronics,BrandC,78.55,129.17,39.19,0,0,0.0,BrandB,50.62
P0409,BrandA Technology,Electronics,BrandB,161.91,263.72,38.61,7,0,0.0,BrandA,101.81
P0410,BrandB Much,Personal Care,BrandB,174.55,244.31,28.55,4,0,0.0,BrandB,69.76
P0411,BrandA Policy,Apparel,Unknown,192.61,232.21,17.05,4,6,1.5,BrandA,39.6
P0412,BrandD I,Apparel,BrandB,82.34,108.31,23.98,3,0,0.0,BrandD,25.97
P0413,BrandC Sell,Home & Kitchen,BrandD,95.92,161.51,40.61,4,0,0.0,BrandC,65.59
P0414,BrandC Both,Home & Kitchen,BrandC,105.0,162.49,35.38,4,0,0.0,BrandC,57.49
P0415,BrandA Analysis,Personal Care,BrandC,183.29,262.77,30.25,0,0,0.0,BrandA,79.48
P0416,BrandD Central,Electronics,BrandB,149.54,166.68,10.28,9,0,0.0,BrandD,17.14
P0417,BrandD Its,Home & Kitchen,BrandB,43.26,56.54,23.49,8,0,0.0,BrandD,13.28
P0418,BrandB Including,Personal Care,BrandC,55.18,101.5,45.64,1,0,0.0,BrandB,46.32
P0419,BrandD Build,Personal Care,BrandB,147.89,209.55,29.42,4,0,0.0,BrandD,61.66
P0420,BrandB Particular,Personal Care,BrandB,183.8,291.86,37.02,7,0,0.0,BrandB,108.06
P0421,BrandA Necessary,Electronics,BrandA,189.31,322.09,41.22,24,0,0.0,BrandA,132.78
P0422,BrandA Rate,Personal Care,BrandB,169.3,221.49,23.56,3,0,0.0,BrandA,52.19
P0423,BrandB Community,Electronics,Unknown,103.62,148.79,30.36,3,0,0.0,BrandB,45.17
P0424,BrandD First,Personal Care,BrandA,6.29,10.04,37.35,0,0,0.0,BrandD,3.75
P0425,BrandA Step,Electronics,BrandC,109.47,148.66,26.36,4,0,0.0,BrandA,39.19
P0426,BrandD Author,Apparel,BrandA,184.02,289.27,36.38,7,1,0.1429,BrandD,105.25
P0427,BrandB Author,Apparel,Unknown,163.97,219.82,25.41,8,0,0.0,BrandB,55.85
P0428,BrandD Less,Electronics,BrandC,192.06,290.61,33.91,3,0,0.0,BrandD,98.55
P0429,BrandB Watch,Apparel,BrandC,138.39,257.83,46.33,1,0,0.0,BrandB,119.44
P0430,BrandA Place,Electronics,BrandD,78.96,126.13,37.4,12,1,0.0833,BrandA,47.17
P0431,BrandA Agree,Electronics,BrandB,21.12,39.3,46.26,9,0,0.0,BrandA,18.18
P0432,BrandC Movement,Electronics,BrandA,49.8,95.18,47.68,11,0,0.0,BrandC,45.38
P0433,BrandD Determine,Home & Kitchen,BrandA,185.21,317.82,41.72,0,0,0.0,BrandD,132.61
P0434,BrandC Follow,Electronics,BrandB,186.11,257.4,27.7,1,0,0.0,BrandC,71.29
P0435,BrandB Team,Apparel,BrandD,186.13,254.88,26.97,4,0,0.0,BrandB,68.75
P0436,BrandB Pay,Personal Care,BrandC,79.85,141.0,43.37,1,0,0.0,BrandB,61.15
P0437,BrandA Many,Home & Kitchen,BrandA,24.05,31.48,23.6,10,2,0.2,BrandA,7.43
P0438,BrandA Raise,Home & Kitchen,BrandD,193.94,270.3,28.25,6,0,0.0,BrandA,76.36
P0439,BrandC Address,Personal Care,Unknown,49.49,79.07,37.41,2,0,0.0,BrandC,29.58
P0440,BrandD Return,Personal Care,BrandB,137.54,233.08,40.99,1,0,0.0,BrandD,95.54
P0441,BrandA Remember,Home & Kitchen,BrandB,144.06,169.1,14.81,0,0,0.0,BrandA,25.04
P0442,BrandB Young,Personal Care,BrandB,149.23,206.69,27.8,5,0,0.0,BrandB,57.46
P0443,BrandA Bed,Electronics,BrandA,188.88,283.37,33.35,5,0,0.0,BrandA,94.49
P0444,BrandC Choice,Electronics,BrandB,22.02,32.76,32.78,2,0,0.0,BrandC,10.74
P0445,BrandD Show,Electronics,BrandA,22.48,35.94,37.45,4,0,0.0,BrandD,13.46
P0446,BrandC Whole,Personal Care,BrandA,61.91,89.71,30.99,5,0,0.0,BrandC,27.8
P0447,BrandA About,Apparel,BrandB,138.64,173.65,20.16,4,1,0.25,BrandA,35.01
P0448,BrandC Letter,Home & Kitchen,BrandC,101.16,117.04,13.57,6,0,0.0,BrandC,15.88
P0449,BrandD What,Home & Kitchen,BrandD,63.45,114.49,44.58,0,0,0.0,BrandD,51.04
P0450,BrandC Base,Home & Kitchen,BrandB,145.58,225.1,35.33,3,0,0.0,BrandC,79.52
P0451,BrandB Sell,Personal Care,BrandA,31.42,34.75,9.58,1,0,0.0,BrandB,3.33
P0452,BrandD Happen,Home & Kitchen,BrandD,161.79,225.95,28.4,5,0,0.0,BrandD,64.16
P0453,BrandC Down,Personal Care,BrandB,63.58,104.45,39.13,1,0,0.0,BrandC,40.87
P0454,BrandB Performance,Personal Care,BrandC,39.64,57.81,31.43,8,0,0.0,BrandB,18.17
P0455,BrandC Back,Home & Kitchen,BrandD,193.71,349.41,44.56,5,2,0.4,BrandC,155.7
P0456,BrandC Leg,Personal Care,BrandC,164.22,238.72,31.21,7,0,0.0,BrandC,74.5
P0457,BrandA Resource,Apparel,BrandB,137.93,220.01,37.31,2,0,0.0,BrandA,82.08
P0458,BrandD Force,Apparel,BrandD,160.55,296.72,45.89,2,0,0.0,BrandD,136.17
P0459,BrandA Me,Personal Care,BrandD,32.14,44.11,27.14,7,3,0.4286,BrandA,11.97
P0460,BrandC Miss,Apparel,BrandD,158.87,185.33,14.28,0,0,0.0,BrandC,26.46
P0461,BrandD Training,Personal Care,BrandD,111.01,201.11,44.8,6,0,0.0,BrandD,90.1
P0462,BrandC Ever,Electronics,BrandA,154.95,262.15,40.89,2,2,1.0,BrandC,107.2
P0463,BrandC Front,Apparel,BrandA,114.83,192.98,40.5,6,0,0.0,BrandC,78.15
P0464,BrandD Receive,Home & Kitchen,BrandD,25.66,30.5,15.87,7,1,0.1429,BrandD,4.84
P0465,BrandB Exist,Apparel,BrandD,77.95,118.23,34.07,1,0,0.0,BrandB,40.28
P0466,BrandB Ok,Home & Kitchen,BrandA,99.14,135.41,26.79,8,0,0.0,BrandB,36.27
P0467,BrandA Performance,Electronics,BrandB,72.92,102.73,29.02,3,0,0.0,BrandA,29.81
P0468,BrandB Forget,Personal Care,BrandC,97.85,146.22,33.08,4,0,0.0,BrandB,48.37
P0469,BrandD Keep,Home & Kitchen,BrandA,63.55,116.24,45.33,4,0,0.0,BrandD,52.69
P0470,BrandA Site,Electronics,BrandC,131.35,224.53,41.5,3,0,0.0,BrandA,93.18
P0471,BrandB Back,Apparel,BrandB,112.62,157.43,28.46,4,0,0.0,BrandB,44.81
P0472,BrandD Wear,Personal Care,BrandB,160.56,267.62,40.0,1,0,0.0,BrandD,107.06
P0473,BrandB Ever,Personal Care,BrandD,10.69,17.67,39.5,0,0,0.0,BrandB,6.98
P0474,BrandB Condition,Personal Care,BrandD,80.82,140.16,42.34,7,2,0.2857,BrandB,59.34
P0475,BrandB Particular,Home & Kitchen,BrandA,117.58,213.94,45.04,11,0,0.0,BrandB,96.36
P0476,BrandB Course,Home & Kitchen,BrandC,43.43,52.23,16.85,8,0,0.0,BrandB,8.8
P0477,BrandD Attorney,Home & Kitchen,BrandD,124.21,202.25,38.59,2,0,0.0,BrandD,78.04
P0478,BrandC Window,Home & Kitchen,BrandD,125.39,229.76,45.43,1,0,0.0,BrandC,104.37
P0479,BrandC Bed,Electronics,BrandB,66.07,86.86,23.94,1,0,0.0,BrandC,20.79
P0480,BrandA Glass,Apparel,BrandC,140.22,218.71,35.89,1,0,0.0,BrandA,78.49
P0481,BrandD According,Apparel,BrandD,87.49,134.56,34.98,6,0,0.0,BrandD,47.07
P0482,BrandB Reach,Apparel,BrandD,61.32,77.78,21.16,1,0,0.0,BrandB,16.46
P0483,BrandD Buy,Electronics,BrandC,190.61,292.81,34.9,5,0,0.0,BrandD,102.2
P0484,BrandB Effect,Personal Care,BrandD,84.78,130.78,35.17,7,0,0.0,BrandB,46.0
P0485,BrandD Political,Personal Care,BrandB,21.12,23.82,11.34,3,0,0.0,BrandD,2.7
P0486,BrandB Into,Home & Kitchen,BrandA,58.6,92.81,36.86,2,0,0.0,BrandB,34.21
P0487,BrandB Will,Personal Care,BrandD,112.2,134.85,16.8,3,0,0.0,BrandB,22.65
P0488,BrandA Executive,Home & Kitchen,BrandC,110.7,197.17,43.86,3,0,0.0,BrandA,86.47
P0489,BrandD Girl,Apparel,BrandD,24.97,46.12,45.86,3,0,0.0,BrandD,21.15
P0490,BrandB Five,Home & Kitchen,BrandA,92.7,131.05,29.26,5,0,0.0,BrandB,38.35
P0491,BrandA Chance,Personal Care,BrandA,156.25,205.2,23.85,7,0,0.0,BrandA,48.95
P0492,BrandC Administration,Personal Care,BrandB,125.15,226.07,44.64,3,0,0.0,BrandC,100.92
P0493,BrandB Lay,Electronics,BrandC,108.79,178.11,38.92,12,0,0.0,BrandB,69.32
P0494,BrandB Reveal,Home & Kitchen,BrandC,61.42,82.34,25.41,1,0,0.0,BrandB,20.92
P0495,BrandA Never,Apparel,BrandD,184.16,367.07,49.83,0,0,0.0,BrandA,182.91
P0496,BrandB Where,Apparel,BrandB,33.52,46.59,28.05,0,0,0.0,BrandB,13.07
P0497,BrandB Country,Personal Care,BrandD,32.72,54.61,40.08,4,0,0.0,BrandB,21.89
P0498,BrandD South,Personal Care,BrandD,19.73,35.81,44.9,10,2,0.2,BrandD,16.08
P0499,BrandA Author,Personal Care,BrandC,140.47,265.43,47.08,2,0,0.0,BrandA,124.96
P0500,BrandD What,Personal Care,BrandC,118.48,222.98,46.87,3,3,1.0,BrandD,104.5
P0501,BrandA Book,Personal Care,BrandC,170.77,310.14,44.94,3,0,0.0,BrandA,139.37
P0502,BrandD Hard,Apparel,BrandD,165.85,256.28,35.29,9,0,0.0,BrandD,90.43
P0503,BrandC Entire,Home & Kitchen,BrandC,111.73,136.04,17.87,3,0,0.0,BrandC,24.31
P0504,BrandD Nice,Home & Kitchen,BrandA,13.96,23.22,39.88,7,0,0.0,BrandD,9.26
P0505,BrandD Again,Electronics,BrandA,186.24,231.34,19.5,8,0,0.0,BrandD,45.1
P0506,BrandD Suggest,Electronics,BrandD,44.45,76.44,41.85,10,0,0.0,BrandD,31.99
P0507,BrandB Prepare,Home & Kitchen,BrandB,175.51,331.53,47.06,2,0,0.0,BrandB,156.02
P0508,BrandA Scientist,Home & Kitchen,BrandC,21.07,35.78,41.11,4,0,0.0,BrandA,14.71
P0509,BrandB Offer,Electronics,BrandD,126.99,222.66,42.97,7,0,0.0,BrandB,95.67
P0510,BrandB Structure,Personal Care,BrandA,142.22,156.58,9.17,7,2,0.2857,BrandB,14.36
P0511,BrandD Certainly,Electronics,BrandB,120.77,189.31,36.21,5,0,0.0,BrandD,68.54
P0512,BrandD Once,Electronics,BrandA,140.64,258.13,45.52,3,0,0.0,BrandD,117.49
P0513,BrandD Yet,Apparel,BrandD,18.81,27.18,30.79,6,0,0.0,BrandD,8.37
P0514,BrandA Federal,Electronics,BrandC,76.67,104.99,26.97,2,0,0.0,BrandA,28.32
P0515,BrandD Range,Apparel,BrandB,18.34,29.47,37.77,8,0,0.0,BrandD,11.13
P0516,BrandB Great,Personal Care,BrandC,145.87,242.91,39.95,1,0,0.0,BrandB,97.04
P0517,BrandB Police,Personal Care,BrandD,172.69,203.43,15.11,7,0,0.0,BrandB,30.74
P0518,BrandA War,Apparel,BrandA,119.97,173.43,30.83,4,1,0.25,BrandA,53.46
P0519,BrandD Cup,Home & Kitchen,BrandB,53.32,89.59,40.48,4,0,0.0,BrandD,36.27
P0520,BrandB Blue,Home & Kitchen,BrandA,170.34,288.31,40.92,7,0,0.0,BrandB,117.97
P0521,BrandC Head,Apparel,BrandB,150.83,206.03,26.79,18,0,0.0,BrandC,55.2
P0522,BrandA Citizen,Apparel,BrandD,80.25,105.69,24.07,6,0,0.0,BrandA,25.44
P0523,BrandA Director,Electronics,Unknown,187.12,228.06,17.95,7,0,0.0,BrandA,40.94
P0524,BrandD See,Home & Kitchen,BrandB,153.73,301.16,48.95,2,0,0.0,BrandD,147.43
P0525,BrandA Democratic,Electronics,BrandA,7.69,9.95,22.71,4,0,0.0,BrandA,2.26
P0526,BrandA Arrive,Personal Care,BrandC,127.57,197.85,35.52,5,1,0.2,BrandA,70.28
P0527,BrandD Decide,Personal Care,BrandD,21.07,33.35,36.82,2,0,0.0,BrandD,12.28
P0528,BrandB Evening,Home & Kitchen,BrandA,65.43,102.08,35.9,4,0,0.0,BrandB,36.65
P0529,BrandB Hope,Apparel,BrandC,81.19,135.66,40.15,6,0,0.0,BrandB,54.47
P0530,BrandA Firm,Home & Kitchen,BrandD,147.34,274.32,46.29,6,2,0.3333,BrandA,126.98
P0531,BrandA Week,Apparel,BrandA,185.3,223.17,16.97,6,0,0.0,BrandA,37.87
P0532,BrandA Candidate,Home & Kitchen,BrandB,28.29,49.14,42.43,11,0,0.0,BrandA,20.85
P0533,BrandA Become,Apparel,BrandD,190.84,299.75,36.33,6,0,0.0,BrandA,108.91
P0534,BrandC Region,Apparel,BrandC,29.75,53.64,44.54,6,1,0.1667,BrandC,23.89
P0535,BrandC Produce,Electronics,BrandA,70.33,104.54,32.72,0,0,0.0,BrandC,34.21
P0536,BrandA Live,Home & Kitchen,BrandA,101.75,158.7,35.89,2,0,0.0,BrandA,56.95
P0537,BrandA Someone,Personal Care,BrandB,76.7,101.98,24.79,5,0,0.0,BrandA,25.28
P0538,BrandA Read,Electronics,BrandB,149.45,164.74,9.28,1,0,0.0,BrandA,15.29
P0539,BrandA Painting,Apparel,BrandA,96.99,140.12,30.78,2,0,0.0,BrandA,43.13
P0540,BrandB As,Apparel,BrandA,112.81,216.88,47.99,3,0,0.0,BrandB,104.07
P0541,BrandD Tough,Apparel,BrandC,53.41,102.78,48.03,13,0,0.0,BrandD,49.37
P0542,BrandC Drop,Home & Kitchen,BrandA,116.45,140.61,17.18,0,0,0.0,BrandC,24.16
P0543,BrandA Look,Apparel,BrandB,161.85,320.99,49.58,0,0,0.0,BrandA,159.14
P0544,BrandD Available,Electronics,BrandD,173.88,312.32,44.33,1,0,0.0,BrandD,138.44
P0545,BrandC As,Home & Kitchen,BrandA,112.85,124.94,9.68,5,0,0.0,BrandC,12.09
P0546,BrandB Hospital,Home & Kitchen,BrandC,149.22,196.72,24.15,2,0,0.0,BrandB,47.5
P0547,BrandC Dark,Personal Care,BrandB,147.83,235.33,37.18,5,0,0.0,BrandC,87.5
P0548,BrandB Note,Apparel,BrandA,186.82,209.52,10.83,5,0,0.0,BrandB,22.7
P0549,BrandC Drop,Electronics,BrandC,5.29,8.95,40.89,6,3,0.5,BrandC,3.66
P0550,BrandC Wish,Electronics,BrandB,108.31,142.36,23.92,7,0,0.0,BrandC,34.05
P0551,BrandD Condition,Electronics,BrandB,143.77,170.18,15.52,5,0,0.0,BrandD,26.41
P0552,BrandB President,Personal Care,BrandC,94.4,167.38,43.6,8,1,0.125,BrandB,72.98
P0553,BrandA Shoulder,Apparel,BrandD,19.59,31.56,37.93,4,1,0.25,BrandA,11.97
P0554,BrandD Simple,Apparel,BrandB,61.88,115.46,46.41,7,4,0.5714,BrandD,53.58
P0555,BrandD Institution,Home & Kitchen,BrandC,93.29,122.23,23.68,1,0,0.0,BrandD,28.94
P0556,BrandB Agent,Apparel,BrandA,35.31,44.06,19.86,4,0,0.0,BrandB,8.75
P0557,BrandD Name,Home & Kitchen,BrandD,28.54,40.6,29.7,1,0,0.0,BrandD,12.06
P0558,BrandB Specific,Personal Care,BrandC,95.35,178.04,46.44,4,2,0.5,BrandB,82.69
P0559,BrandA Character,Apparel,BrandC,166.15,286.97,42.1,3,0,0.0,BrandA,120.82
P0560,BrandA Effort,Apparel,BrandC,33.92,59.02,42.53,3,0,0.0,BrandA,25.1
P0561,BrandC Several,Personal Care,BrandA,137.05,182.85,25.05,3,0,0.0,BrandC,45.8
P0562,BrandB Charge,Electronics,BrandD,171.65,274.7,37.51,6,0,0.0,BrandB,103.05
P0563,BrandB Require,Electronics,BrandD,24.87,45.12,44.88,1,0,0.0,BrandB,20.25
P0564,BrandA Eat,Electronics,BrandA,166.92,331.22,49.6,18,0,0.0,BrandA,164.3
P0565,BrandB Sister,Apparel,BrandD,77.59,129.36,40.02,6,2,0.3333,BrandB,51.77
P0566,BrandA Now,Home & Kitchen,BrandA,9.25,10.71,13.63,5,0,0.0,BrandA,1.46
P0567,BrandD Them,Apparel,BrandA,181.49,335.11,45.84,2,0,0.0,BrandD,153.62
P0568,BrandC Person,Electronics,BrandA,188.74,216.22,12.71,4,0,0.0,BrandC,27.48
P0569,BrandD Loss,Personal Care,BrandD,10.75,18.44,41.7,12,0,0.0,BrandD,7.69
P0570,BrandB Marriage,Home & Kitchen,Unknown,182.12,245.4,25.79,6,4,0.6667,BrandB,63.28
P0571,BrandD Enough,Apparel,BrandA,124.75,206.5,39.59,2,0,0.0,BrandD,81.75
P0572,BrandC Responsibility,Personal Care,BrandD,177.14,271.22,34.69,4,0,0.0,BrandC,94.08
P0573,BrandA Think,Home & Kitchen,BrandD,31.76,40.64,21.85,4,0,0.0,BrandA,8.88
P0574,BrandB Little,Electronics,BrandD,157.47,224.11,29.74,6,0,0.0,BrandB,66.64
P0575,BrandD Help,Home & Kitchen,BrandC,80.73,101.87,20.75,4,0,0.0,BrandD,21.14
P0576,BrandC Floor,Apparel,BrandA,179.67,323.53,44.47,7,1,0.1429,BrandC,143.86
P0577,BrandA Only,Personal Care,BrandC,154.53,309.01,49.99,8,0,0.0,BrandA,154.48
P0578,BrandB Recent,Electronics,BrandB,133.09,178.32,25.36,3,1,0.3333,BrandB,45.23
P0579,BrandA See,Apparel,BrandD,74.19,137.64,46.1,2,0,0.0,BrandA,63.45
P0580,BrandB Foot,Apparel,BrandB,120.54,220.06,45.22,2,0,0.0,BrandB,99.52
P0581,BrandC Quality,Electronics,BrandC,189.77,305.01,37.78,0,0,0.0,BrandC,115.24
P0582,BrandB Name,Personal Care,BrandC,39.23,44.49,11.82,6,2,0.3333,BrandB,5.26
P0583,BrandA History,Apparel,BrandB,8.89,13.6,34.63,6,0,0.0,BrandA,4.71
P0584,BrandC Military,Apparel,BrandB,71.45,90.01,20.62,5,0,0.0,BrandC,18.56
P0585,BrandC Bill,Electronics,BrandA,33.8,58.62,42.34,0,0,0.0,BrandC,24.82
P0586,BrandB And,Electronics,BrandC,192.31,276.2,30.37,3,0,0.0,BrandB,83.89
P0587,BrandD Offer,Electronics,BrandC,63.84,78.06,18.22,2,2,1.0,BrandD,14.22
P0588,BrandB Economy,Personal Care,BrandD,131.59,165.38,20.43,11,3,0.2727,BrandB,33.79
P0589,BrandC Today,Apparel,BrandB,78.78,138.7,43.2,3,0,0.0,BrandC,59.92
P0590,BrandC Source,Apparel,BrandB,147.12,287.46,48.82,0,0,0.0,BrandC,140.34
P0591,BrandD Them,Electronics,BrandB,122.47,236.24,48.16,3,0,0.0,BrandD,113.77
P0592,BrandB Conference,Electronics,BrandD,32.43,57.43,43.53,4,0,0.0,BrandB,25.0
P0593,BrandB Specific,Home & Kitchen,BrandC,37.74,71.58,47.28,18,8,0.4444,BrandB,33.84
P0594,BrandA And,Home & Kitchen,BrandD,7.22,9.3,22.37,1,0,0.0,BrandA,2.08
P0595,BrandA Style,Home & Kitchen,BrandC,158.47,277.06,42.8,13,3,0.2308,BrandA,118.59
P0596,BrandA Reveal,Personal Care,Unknown,147.85,291.59,49.3,9,0,0.0,BrandA,143.74
P0597,BrandD Owner,Personal Care,BrandD,73.49,105.66,30.45,4,1,0.25,BrandD,32.17
P0598,BrandD Interesting,Apparel,Unknown,93.0,169.19,45.03,4,1,0.25,BrandD,76.19
P0599,BrandA Let,Home & Kitchen,BrandA,67.15,131.38,48.89,10,2,0.2,BrandA,64.23
P0600,BrandA Energy,Home & Kitchen,BrandB,178.15,221.76,19.67,5,0,0.0,BrandA,43.61
P0601,BrandA Everything,Electronics,BrandC,120.84,199.66,39.48,0,0,0.0,BrandA,78.82
P0602,BrandD Line,Electronics,BrandD,188.78,235.69,19.9,4,0,0.0,BrandD,46.91
P0603,BrandD Make,Apparel,BrandA,24.75,31.8,22.17,6,1,0.1667,BrandD,7.05
P0604,BrandB Fact,Personal Care,BrandC,133.82,183.02,26.88,1,0,0.0,BrandB,49.2
P0605,BrandA Speak,Electronics,BrandD,116.5,216.21,46.12,2,0,0.0,BrandA,99.71
P0606,BrandB Fight,Electronics,BrandC,5.74,6.77,15.21,11,2,0.1818,BrandB,1.03
P0607,BrandD Build,Apparel,BrandA,10.02,12.56,20.22,5,0,0.0,BrandD,2.54
P0608,BrandC Act,Electronics,BrandD,169.53,233.53,27.41,0,0,0.0,BrandC,64.0
P0609,BrandD Movie,Personal Care,Unknown,179.5,240.26,25.29,2,0,0.0,BrandD,60.76
P0610,BrandD Education,Apparel,BrandC,177.67,254.51,30.19,17,0,0.0,BrandD,76.84
P0611,BrandD Step,Electronics,BrandC,90.75,121.34,25.21,19,0,0.0,BrandD,30.59
P0612,BrandC Easy,Electronics,BrandB,151.69,257.98,41.2,2,0,0.0,BrandC,106.29
P0613,BrandA Day,Home & Kitchen,BrandD,194.29,316.84,38.68,10,0,0.0,BrandA,122.55
P0614,BrandA Well,Personal Care,BrandD,193.3,332.16,41.81,4,0,0.0,BrandA,138.86
P0615,BrandD Computer,Apparel,BrandD,63.28,92.09,31.28,7,0,0.0,BrandD,28.81
P0616,BrandA Stock,Apparel,BrandA,190.1,285.94,33.52,4,0,0.0,BrandA,95.84
P0617,BrandB Health,Apparel,BrandB,29.61,43.85,32.47,2,0,0.0,BrandB,14.24
P0618,BrandD Page,Apparel,BrandB,167.65,223.33,24.93,2,0,0.0,BrandD,55.68
P0619,BrandA Themselves,Electronics,BrandD,113.49,181.23,37.38,5,0,0.0,BrandA,67.74
P0620,BrandC Trade,Personal Care,BrandA,158.38,263.03,39.79,5,0,0.0,BrandC,104.65
P0621,BrandD Prepare,Electronics,BrandD,34.18,55.03,37.89,0,0,0.0,BrandD,20.85
P0622,BrandA Staff,Electronics,BrandA,158.22,297.57,46.83,2,0,0.0,BrandA,139.35
P0623,BrandC Cause,Personal Care,BrandC,79.69,122.49,34.94,4,1,0.25,BrandC,42.8
P0624,BrandD Theory,Electronics,BrandB,58.71,72.18,18.66,0,0,0.0,BrandD,13.47
P0625,BrandD She,Electronics,BrandD,178.47,249.56,28.49,2,0,0.0,BrandD,71.09
P0626,BrandB Public,Electronics,BrandD,184.56,352.02,47.57,1,0,0.0,BrandB,167.46
P0627,BrandA Civil,Home & Kitchen,BrandC,65.64,122.0,46.2,7,0,0.0,BrandA,56.36
P0628,BrandA Culture,Apparel,BrandB,63.59,112.51,43.48,2,0,0.0,BrandA,48.92
P0629,BrandC Probably,Home & Kitchen,BrandD,122.97,145.15,15.28,2,0,0.0,BrandC,22.18
P0630,BrandD Partner,Apparel,BrandD,149.48,266.6,43.93,1,0,0.0,BrandD,117.12
P0631,BrandC Family,Electronics,BrandB,17.8,30.95,42.49,3,0,0.0,BrandC,13.15
P0632,BrandD Pattern,Apparel,BrandA,38.88,73.39,47.02,1,0,0.0,BrandD,34.51
P0633,BrandB Should,Electronics,BrandB,11.45,13.12,12.73,2,0,0.0,BrandB,1.67
P0634,BrandC Quite,Apparel,BrandC,76.83,116.61,34.11,1,0,0.0,BrandC,39.78
P0635,BrandD Door,Electronics,BrandA,52.18,80.35,35.06,1,0,0.0,BrandD,28.17
P0636,BrandD White,Apparel,BrandD,119.44,168.98,29.32,10,0,0.0,BrandD,49.54
P0637,BrandB Involve,Home & Kitchen,BrandA,60.59,87.73,30.94,2,1,0.5,BrandB,27.14
P0638,BrandB Society,Apparel,BrandB,131.24,224.41,41.52,4,2,0.5,BrandB,93.17
P0639,BrandC Fish,Personal Care,BrandA,173.6,342.07,49.25,0,0,0.0,BrandC,168.47
P0640,BrandA Sort,Personal Care,BrandB,131.24,215.37,39.06,1,0,0.0,BrandA,84.13
P0641,BrandA Activity,Apparel,BrandC,123.63,240.92,48.68,8,1,0.125,BrandA,117.29
P0642,BrandC Level,Personal Care,BrandD,171.06,258.83,33.91,5,0,0.0,BrandC,87.77
P0643,BrandB Off,Personal Care,BrandC,137.05,252.43,45.71,4,2,0.5,BrandB,115.38
P0644,BrandD Nearly,Electronics,BrandA,104.75,177.67,41.04,8,0,0.0,BrandD,72.92
P0645,BrandC Similar,Home & Kitchen,BrandC,138.46,212.34,34.79,1,0,0.0,BrandC,73.88
P0646,BrandC Today,Home & Kitchen,BrandC,172.99,230.95,25.1,2,2,1.0,BrandC,57.96
P0647,BrandC Almost,Apparel,BrandB,105.87,139.35,24.03,8,2,0.25,BrandC,33.48
P0648,BrandA Certainly,Personal Care,BrandC,137.75,240.95,42.83,4,0,0.0,BrandA,103.2
P0649,BrandD Reality,Home & Kitchen,BrandC,181.85,266.25,31.7,2,0,0.0,BrandD,84.4
P0650,BrandA Senior,Apparel,BrandC,146.68,190.7,23.08,2,0,0.0,BrandA,44.02
P0651,BrandD Board,Home & Kitchen,BrandC,169.86,315.36,46.14,6,1,0.1667,BrandD,145.5
P0652,BrandB Product,Home & Kitchen,Unknown,96.8,171.03,43.4,4,0,0.0,BrandB,74.23
P0653,BrandB Method,Home & Kitchen,BrandA,48.34,62.89,23.14,9,0,0.0,BrandB,14.55
P0654,BrandC Approach,Personal Care,BrandC,77.48,126.06,38.54,2,0,0.0,BrandC,48.58
P0655,BrandD Can,Electronics,BrandD,15.47,25.85,40.15,6,0,0.0,BrandD,10.38
P0656,BrandA Score,Personal Care,BrandB,102.59,192.95,46.83,4,0,0.0,BrandA,90.36
P0657,BrandD Although,Home & Kitchen,BrandD,15.54,29.04,46.49,9,0,0.0,BrandD,13.5
P0658,BrandB It,Apparel,BrandC,84.79,136.72,37.98,8,0,0.0,BrandB,51.93
P0659,BrandD Writer,Apparel,BrandC,173.17,218.6,20.78,18,0,0.0,BrandD,45.43
P0660,BrandA Lose,Personal Care,BrandC,128.05,161.23,20.58,6,2,0.3333,BrandA,33.18
P0661,BrandA Day,Electronics,BrandD,58.34,104.14,43.98,6,2,0.3333,BrandA,45.8
P0662,BrandB Writer,Apparel,BrandD,158.12,284.9,44.5,2,0,0.0,BrandB,126.78
P0663,BrandB Something,Personal Care,BrandD,83.66,164.71,49.21,3,0,0.0,BrandB,81.05
P0664,BrandD Look,Electronics,BrandA,109.09,191.74,43.11,4,0,0.0,BrandD,82.65
P0665,BrandA Risk,Home & Kitchen,BrandB,8.49,9.37,9.39,1,0,0.0,BrandA,0.88
P0666,BrandB Congress,Apparel,BrandC,65.86,78.53,16.13,6,0,0.0,BrandB,12.67
P0667,BrandC Actually,Apparel,BrandA,165.65,226.67,26.92,2,0,0.0,BrandC,61.02
P0668,BrandC No,Personal Care,BrandC,89.56,153.87,41.8,8,0,0.0,BrandC,64.31
P0669,BrandB Personal,Home & Kitchen,BrandD,75.05,95.28,21.23,6,0,0.0,BrandB,20.23
P0670,BrandD Modern,Electronics,BrandB,48.74,96.82,49.66,0,0,0.0,BrandD,48.08
P0671,BrandB Good,Electronics,BrandB,29.02,50.49,42.52,7,0,0.0,BrandB,21.47
P0672,BrandA Rich,Personal Care,BrandC,155.39,258.08,39.79,2,0,0.0,BrandA,102.69
P0673,BrandA Production,Electronics,BrandA,14.41,17.35,16.95,4,0,0.0,BrandA,2.94
P0674,BrandD Bring,Personal Care,BrandA,111.72,170.59,34.51,4,0,0.0,BrandD,58.87
P0675,BrandB Happy,Apparel,BrandA,63.72,108.04,41.02,0,0,0.0,BrandB,44.32
P0676,BrandC Realize,Apparel,Unknown,166.98,199.44,16.28,2,0,0.0,BrandC,32.46
P0677,BrandA Thus,Home & Kitchen,Unknown,158.03,244.62,35.4,8,1,0.125,BrandA,86.59
P0678,BrandB Leave,Home & Kitchen,BrandB,74.79,109.85,31.92,5,2,0.4,BrandB,35.06
P0679,BrandB Until,Electronics,BrandD,182.52,313.82,41.84,4,0,0.0,BrandB,131.3
P0680,BrandD Letter,Home & Kitchen,BrandB,5.53,9.43,41.36,0,0,0.0,BrandD,3.9
P0681,BrandA Truth,Personal Care,BrandB,190.14,342.55,44.49,3,0,0.0,BrandA,152.41
P0682,BrandA Let,Electronics,BrandC,130.65,197.42,33.82,3,0,0.0,BrandA,66.77
P0683,BrandC Nation,Home & Kitchen,BrandD,14.77,27.06,45.42,9,0,0.0,BrandC,12.29
P0684,BrandA Hear,Home & Kitchen,BrandC,161.31,222.84,27.61,9,0,0.0,BrandA,61.53
P0685,BrandA Eat,Electronics,BrandA,6.89,8.44,18.36,0,0,0.0,BrandA,1.55
P0686,BrandB Heart,Home & Kitchen,BrandC,179.43,351.61,48.97,2,0,0.0,BrandB,172.18
P0687,BrandC Man,Electronics,BrandC,163.92,207.29,20.92,5,0,0.0,BrandC,43.37
P0688,BrandD Key,Personal Care,BrandD,58.01,83.95,30.9,6,0,0.0,BrandD,25.94
P0689,BrandD Side,Personal Care,BrandB,27.05,46.7,42.08,6,0,0.0,BrandD,19.65
P0690,BrandA Laugh,Apparel,BrandA,86.13,140.54,38.71,4,0,0.0,BrandA,54.41
P0691,BrandD Others,Apparel,BrandD,156.94,258.99,39.4,11,4,0.3636,BrandD,102.05
P0692,BrandB Because,Personal Care,Unknown,27.02,39.72,31.97,2,0,0.0,BrandB,12.7
P0693,BrandA Board,Electronics,BrandC,132.72,147.47,10.0,3,1,0.3333,BrandA,14.75
P0694,BrandB Write,Home & Kitchen,BrandA,89.41,156.82,42.99,5,0,0.0,BrandB,67.41
P0695,BrandD Charge,Home & Kitchen,BrandD,33.99,62.67,45.76,3,1,0.3333,BrandD,28.68
P0696,BrandA Practice,Electronics,BrandB,103.59,157.7,34.31,2,0,0.0,BrandA,54.11
P0697,BrandD Cell,Apparel,BrandA,151.53,210.41,27.98,5,2,0.4,BrandD,58.88
P0698,BrandC This,Home & Kitchen,BrandA,103.85,165.69,37.32,0,0,0.0,BrandC,61.84
P0699,BrandD Herself,Personal Care,BrandB,20.37,30.55,33.32,2,0,0.0,BrandD,10.18
P0700,BrandD Movement,Electronics,BrandD,92.18,111.25,17.14,2,0,0.0,BrandD,19.07
P0701,BrandD Money,Electronics,BrandA,83.67,94.74,11.68,5,0,0.0,BrandD,11.07
P0702,BrandA Rise,Electronics,BrandC,178.57,286.8,37.74,5,0,0.0,BrandA,108.23
P0703,BrandD Lay,Home & Kitchen,BrandC,165.94,304.49,45.5,1,0,0.0,BrandD,138.55
P0704,BrandD Four,Home & Kitchen,BrandD,144.75,206.55,29.92,0,0,0.0,BrandD,61.8
P0705,BrandD Step,Electronics,BrandA,153.07,198.93,23.05,2,0,0.0,BrandD,45.86
P0706,BrandC Floor,Home & Kitchen,BrandC,111.8,160.6,30.39,3,0,0.0,BrandC,48.8
P0707,BrandA Training,Electronics,BrandB,101.02,185.84,45.64,2,0,0.0,BrandA,84.82
P0708,BrandD Poor,Electronics,BrandC,124.12,157.48,21.18,5,0,0.0,BrandD,33.36
P0709,BrandD Through,Apparel,BrandD,165.79,210.81,21.36,1,0,0.0,BrandD,45.02
P0710,BrandC Next,Electronics,BrandD,14.07,23.5,40.13,8,0,0.0,BrandC,9.43
P0711,BrandA Question,Personal Care,BrandD,133.4,261.54,48.99,1,0,0.0,BrandA,128.14
P0712,BrandB Interesting,Personal Care,BrandA,108.42,124.0,12.56,6,0,0.0,BrandB,15.58
P0713,BrandD Begin,Personal Care,BrandB,139.9,175.75,20.4,2,1,0.5,BrandD,35.85
P0714,BrandB Lot,Electronics,BrandD,133.22,219.22,39.23,6,0,0.0,BrandB,86.0
P0715,BrandC Stage,Personal Care,BrandD,196.0,377.17,48.03,6,0,0.0,BrandC,181.17
P0716,BrandB When,Home & Kitchen,BrandD,192.9,380.68,49.33,7,2,0.2857,BrandB,187.78
P0717,BrandD Executive,Apparel,BrandB,85.49,147.9,42.2,2,0,0.0,BrandD,62.41
P0718,BrandC Huge,Home & Kitchen,BrandB,44.17,73.4,39.82,2,0,0.0,BrandC,29.23
P0719,BrandC Figure,Home & Kitchen,BrandB,196.36,330.88,40.66,5,0,0.0,BrandC,134.52
P0720,BrandB Fill,Home & Kitchen,BrandA,153.35,246.29,37.74,2,0,0.0,BrandB,92.94
P0721,BrandD Plan,Home & Kitchen,BrandD,162.62,255.39,36.32,7,1,0.1429,BrandD,92.77
P0722,BrandA Part,Personal Care,BrandB,15.35,17.67,13.13,4,0,0.0,BrandA,2.32
P0723,BrandC Realize,Apparel,BrandC,138.26,170.31,18.82,2,0,0.0,BrandC,32.05
P0724,BrandA Theory,Home & Kitchen,BrandB,151.95,171.56,11.43,3,0,0.0,BrandA,19.61
P0725,BrandD Executive,Electronics,BrandB,149.77,240.4,37.7,1,1,1.0,BrandD,90.63
P0726,BrandB Station,Home & Kitchen,BrandA,185.66,268.98,30.98,5,0,0.0,BrandB,83.32
P0727,BrandC Across,Electronics,Unknown,150.02,192.44,22.04,2,2,1.0,BrandC,42.42
P0728,BrandD Program,Apparel,BrandC,152.25,242.37,37.18,5,0,0.0,BrandD,90.12
P0729,BrandB Modern,Apparel,BrandC,92.52,183.66,49.62,9,0,0.0,BrandB,91.14
P0730,BrandA Actually,Apparel,BrandB,148.34,179.11,17.18,3,0,0.0,BrandA,30.77
P0731,BrandA Ok,Personal Care,BrandC,113.54,138.18,17.83,2,0,0.0,BrandA,24.64
P0732,BrandC Happen,Electronics,BrandC,95.93,186.46,48.55,12,0,0.0,BrandC,90.53
P0733,BrandA Soon,Apparel,BrandC,121.39,218.05,44.33,2,0,0.0,BrandA,96.66
P0734,BrandC Apply,Personal Care,BrandC,19.21,33.37,42.43,15,0,0.0,BrandC,14.16
P0735,BrandB Eat,Apparel,BrandA,158.32,196.86,19.58,3,0,0.0,BrandB,38.54
P0736,BrandD Participant,Electronics,BrandC,48.13,62.18,22.6,1,0,0.0,BrandD,14.05
P0737,BrandC Apply,Home & Kitchen,Unknown,62.25,121.72,48.86,3,0,0.0,BrandC,59.47
P0738,BrandD Market,Electronics,BrandA,135.44,203.31,33.38,3,0,0.0,BrandD,67.87
P0739,BrandB Fine,Electronics,BrandC,79.37,144.18,44.95,2,0,0.0,BrandB,64.81
P0740,BrandA Office,Personal Care,BrandC,110.35,149.47,26.17,11,0,0.0,BrandA,39.12
P0741,BrandC Maybe,Personal Care,BrandD,13.55,25.86,47.6,3,0,0.0,BrandC,12.31
P0742,BrandB Goal,Home & Kitchen,BrandA,189.9,237.5,20.04,2,0,0.0,BrandB,47.6
P0743,BrandA Whatever,Electronics,BrandB,135.72,243.78,44.33,1,0,0.0,BrandA,108.06
P0744,BrandD Church,Electronics,BrandB,109.86,190.33,42.28,4,0,0.0,BrandD,80.47
P0745,BrandD Generation,Electronics,BrandB,9.63,16.81,42.71,9,1,0.1111,BrandD,7.18
P0746,BrandA Clear,Electronics,BrandA,15.58,28.27,44.89,5,0,0.0,BrandA,12.69
P0747,BrandA Development,Apparel,BrandC,84.49,127.24,33.6,3,0,0.0,BrandA,42.75
P0748,BrandD Traditional,Personal Care,BrandC,8.29,14.14,41.37,2,0,0.0,BrandD,5.85
P0749,BrandA Commercial,Electronics,BrandA,141.67,165.09,14.19,6,0,0.0,BrandA,23.42
P0750,BrandA Thus,Home & Kitchen,BrandC,123.28,166.84,26.11,0,0,0.0,BrandA,43.56
P0751,BrandD Receive,Personal Care,BrandD,165.31,186.43,11.33,3,0,0.0,BrandD,21.12
P0752,BrandB Teacher,Apparel,BrandB,150.62,273.69,44.97,10,0,0.0,BrandB,123.07
P0753,BrandC Dinner,Apparel,BrandC,137.07,263.55,47.99,1,0,0.0,BrandC,126.48
P0754,BrandC Natural,Electronics,BrandB,29.03,32.06,9.45,3,0,0.0,BrandC,3.03
P0755,BrandD Ago,Electronics,BrandC,45.96,81.22,43.41,0,0,0.0,BrandD,35.26
P0756,BrandC Once,Apparel,BrandD,181.6,338.92,46.42,6,0,0.0,BrandC,157.32
P0757,BrandB Plant,Apparel,BrandB,48.05,88.95,45.98,6,0,0.0,BrandB,40.9
P0758,BrandB Film,Electronics,BrandB,135.84,218.78,37.91,4,0,0.0,BrandB,82.94
P0759,BrandA Summer,Personal Care,BrandA,61.68,71.59,13.84,3,0,0.0,BrandA,9.91
P0760,BrandA Create,Apparel,BrandD,190.55,270.85,29.65,0,0,0.0,BrandA,80.3
P0761,BrandB Around,Electronics,BrandC,125.81,240.31,47.65,10,0,0.0,BrandB,114.5
P0762,BrandC Opportunity,Personal Care,BrandD,69.03,116.9,40.95,5,0,0.0,BrandC,47.87
P0763,BrandB Suddenly,Home & Kitchen,BrandC,191.94,240.27,20.11,1,0,0.0,BrandB,48.33
P0764,BrandC Friend,Apparel,BrandB,143.88,241.25,40.36,7,0,0.0,BrandC,97.37
P0765,BrandC Blood,Home & Kitchen,Unknown,137.52,192.31,28.49,0,0,0.0,BrandC,54.79
P0766,BrandD Room,Personal Care,BrandD,74.95,103.05,27.27,7,2,0.2857,BrandD,28.1
P0767,BrandA Market,Apparel,BrandA,169.15,316.79,46.61,5,0,0.0,BrandA,147.64
P0768,BrandB Job,Apparel,BrandC,148.04,246.33,39.9,1,0,0.0,BrandB,98.29
P0769,BrandA Specific,Electronics,BrandA,163.47,264.99,38.31,5,0,0.0,BrandA,101.52
P0770,BrandB Piece,Electronics,BrandC,110.98,221.83,49.97,12,0,0.0,BrandB,110.85
P0771,BrandD Impact,Apparel,BrandC,81.54,155.11,47.43,6,0,0.0,BrandD,73.57
P0772,BrandC Fast,Apparel,BrandD,102.72,121.36,15.36,3,0,0.0,BrandC,18.64
P0773,BrandC Onto,Electronics,BrandB,170.36,311.06,45.23,6,0,0.0,BrandC,140.7
P0774,BrandB Star,Apparel,BrandD,36.05,58.03,37.88,8,0,0.0,BrandB,21.98
P0775,BrandB Far,Personal Care,BrandC,12.88,22.99,43.98,5,0,0.0,BrandB,10.11
P0776,BrandB Scientist,Electronics,BrandC,77.04,87.71,12.17,1,0,0.0,BrandB,10.67
P0777,BrandB Hair,Home & Kitchen,BrandD,96.59,145.77,33.74,2,2,1.0,BrandB,49.18
P0778,BrandA News,Electronics,BrandC,25.13,49.55,49.28,2,0,0.0,BrandA,24.42
P0779,BrandC Recently,Home & Kitchen,BrandB,78.45,113.02,30.59,5,2,0.4,BrandC,34.57
P0780,BrandA Two,Home & Kitchen,BrandD,194.67,253.19,23.11,6,1,0.1667,BrandA,58.52
P0781,BrandD Notice,Home & Kitchen,BrandC,99.94,153.3,34.81,3,1,0.3333,BrandD,53.36
P0782,BrandA North,Apparel,BrandD,37.29,43.61,14.49,1,0,0.0,BrandA,6.32
P0783,BrandC Thus,Apparel,BrandB,41.45,59.11,29.88,6,0,0.0,BrandC,17.66
P0784,BrandA Player,Apparel,BrandD,163.18,285.28,42.8,1,0,0.0,BrandA,122.1
P0785,BrandD Pressure,Personal Care,BrandD,46.09,57.39,19.69,6,0,0.0,BrandD,11.3
P0786,BrandD Physical,Electronics,BrandB,13.41,21.67,38.12,7,0,0.0,BrandD,8.26
P0787,BrandB Some,Apparel,BrandA,178.71,220.2,18.84,8,0,0.0,BrandB,41.49
P0788,BrandB Marriage,Home & Kitchen,BrandB,105.74,154.9,31.74,2,0,0.0,BrandB,49.16
P0789,BrandA Lot,Home & Kitchen,BrandA,47.24,77.75,39.24,5,0,0.0,BrandA,30.51
P0790,BrandD Coach,Personal Care,BrandB,47.78,70.22,31.96,6,0,0.0,BrandD,22.44
P0791,BrandB Key,Apparel,BrandC,37.71,64.75,41.76,1,0,0.0,BrandB,27.04
P0792,BrandD Benefit,Electronics,BrandB,78.75,96.0,17.97,1,0,0.0,BrandD,17.25
P0793,BrandA Mission,Apparel,BrandD,166.17,273.34,39.21,8,3,0.375,BrandA,107.17
P0794,BrandB Pm,Personal Care,BrandA,176.16,278.03,36.64,4,0,0.0,BrandB,101.87
P0795,BrandA Especially,Electronics,BrandD,133.58,255.38,47.69,4,2,0.5,BrandA,121.8
P0796,BrandA Impact,Personal Care,BrandD,77.22,87.96,12.21,7,0,0.0,BrandA,10.74
P0797,BrandD Fact,Apparel,BrandD,158.96,229.4,30.71,2,0,0.0,BrandD,70.44
P0798,BrandA Establish,Personal Care,BrandB,54.63,97.75,44.11,7,1,0.1429,BrandA,43.12
P0799,BrandA Bed,Home & Kitchen,BrandD,55.27,61.07,9.5,7,0,0.0,BrandA,5.8
P0800,BrandA Customer,Electronics,BrandA,78.13,100.39,22.17,8,0,0.0,BrandA,22.26
P0801,BrandC Laugh,Personal Care,BrandC,25.78,38.24,32.58,4,0,0.0,BrandC,12.46
P0802,BrandC Others,Home & Kitchen,BrandD,115.11,190.01,39.42,4,0,0.0,BrandC,74.9
P0803,BrandD She,Apparel,BrandD,112.66,180.46,37.57,4,0,0.0,BrandD,67.8
P0804,BrandB Theory,Home & Kitchen,BrandD,54.49,74.98,27.33,4,0,0.0,BrandB,20.49
P0805,BrandC Young,Personal Care,BrandB,171.72,290.78,40.95,7,0,0.0,BrandC,119.06
P0806,BrandB Way,Personal Care,BrandB,24.55,38.24,35.8,2,0,0.0,BrandB,13.69
P0807,BrandC Five,Electronics,BrandB,80.88,135.25,40.2,5,0,0.0,BrandC,54.37
P0808,BrandA Since,Apparel,BrandD,185.54,276.8,32.97,5,0,0.0,BrandA,91.26
P0809,BrandA Baby,Home & Kitchen,BrandB,77.31,127.42,39.33,3,2,0.6667,BrandA,50.11
P0810,BrandD Similar,Personal Care,BrandC,143.76,235.44,38.94,9,0,0.0,BrandD,91.68
P0811,BrandB Window,Personal Care,BrandD,7.09,13.23,46.41,6,0,0.0,BrandB,6.14
P0812,BrandC Quite,Apparel,BrandA,157.87,246.2,35.88,0,0,0.0,BrandC,88.33
P0813,BrandB Democratic,Apparel,BrandA,75.15,126.97,40.81,1,0,0.0,BrandB,51.82
P0814,BrandB Own,Electronics,BrandC,157.04,222.65,29.47,8,0,0.0,BrandB,65.61
P0815,BrandD Trip,Personal Care,BrandB,105.96,186.83,43.29,6,0,0.0,BrandD,80.87
P0816,BrandA Want,Electronics,BrandC,146.6,235.03,37.62,6,0,0.0,BrandA,88.43
P0817,BrandC Hand,Home & Kitchen,BrandC,49.13,96.63,49.16,1,0,0.0,BrandC,47.5
P0818,BrandD Chair,Personal Care,BrandA,55.92,82.0,31.8,1,0,0.0,BrandD,26.08
P0819,BrandA Often,Electronics,BrandC,71.29,85.93,17.04,9,0,0.0,BrandA,14.64
P0820,BrandC House,Home & Kitchen,Unknown,193.38,310.73,37.77,40,0,0.0,BrandC,117.35
P0821,BrandB Mouth,Home & Kitchen,BrandD,137.91,262.98,47.56,3,0,0.0,BrandB,125.07
P0822,BrandA Defense,Personal Care,BrandA,55.27,79.83,30.77,6,0,0.0,BrandA,24.56
P0823,BrandB Power,Apparel,BrandC,85.42,121.11,29.47,2,0,0.0,BrandB,35.69
P0824,BrandA One,Home & Kitchen,BrandB,61.02,89.03,31.46,1,0,0.0,BrandA,28.01
P0825,BrandC Subject,Electronics,BrandB,97.93,138.88,29.49,6,3,0.5,BrandC,40.95
P0826,BrandC Rather,Apparel,BrandB,102.3,130.91,21.85,1,0,0.0,BrandC,28.61
P0827,BrandB Argue,Home & Kitchen,BrandB,49.7,92.02,45.99,2,0,0.0,BrandB,42.32
P0828,BrandC Kitchen,Apparel,BrandA,28.38,33.22,14.57,7,0,0.0,BrandC,4.84
P0829,BrandD Ability,Electronics,BrandA,170.36,244.31,30.27,5,0,0.0,BrandD,73.95
P0830,BrandC Technology,Personal Care,BrandC,100.71,200.01,49.65,5,0,0.0,BrandC,99.3
P0831,BrandC Away,Personal Care,BrandB,151.28,183.87,17.72,5,0,0.0,BrandC,32.59
P0832,BrandD Number,Personal Care,BrandA,102.98,149.77,31.24,14,0,0.0,BrandD,46.79
P0833,BrandB Guy,Personal Care,BrandA,141.16,213.73,33.95,3,0,0.0,BrandB,72.57
P0834,BrandA Perhaps,Electronics,BrandB,78.99,94.05,16.01,7,0,0.0,BrandA,15.06
P0835,BrandC Deep,Home & Kitchen,BrandB,111.97,147.06,23.86,7,0,0.0,BrandC,35.09
P0836,BrandD Big,Home & Kitchen,BrandC,40.86,60.54,32.51,3,0,0.0,BrandD,19.68
P0837,BrandD Wear,Home & Kitchen,BrandC,171.59,231.93,26.02,3,0,0.0,BrandD,60.34
P0838,BrandB Yet,Apparel,Unknown,163.77,286.39,42.82,0,0,0.0,BrandB,122.62
P0839,BrandB Strategy,Personal Care,BrandD,43.23,78.68,45.06,2,0,0.0,BrandB,35.45
P0840,BrandB Social,Personal Care,BrandA,39.44,61.12,35.47,3,0,0.0,BrandB,21.68
P0841,BrandC Of,Personal Care,BrandC,53.94,101.01,46.6,15,0,0.0,BrandC,47.07
P0842,BrandA Group,Personal Care,BrandA,139.66,161.17,13.35,2,0,0.0,BrandA,21.51
P0843,BrandC Seat,Personal Care,BrandA,92.72,129.92,28.63,2,0,0.0,BrandC,37.2
P0844,BrandC Player,Home & Kitchen,BrandC,72.11,106.04,32.0,7,0,0.0,BrandC,33.93
P0845,BrandC Should,Apparel,BrandB,195.98,265.78,26.26,6,0,0.0,BrandC,69.8
P0846,BrandC Own,Personal Care,BrandD,178.48,257.54,30.7,6,0,0.0,BrandC,79.06
P0847,BrandC No,Personal Care,BrandB,174.31,292.23,40.35,3,0,0.0,BrandC,117.92
P0848,BrandC Process,Personal Care,BrandD,170.54,198.54,14.1,1,0,0.0,BrandC,28.0
P0849,BrandB Nice,Home & Kitchen,Unknown,66.13,111.61,40.75,9,0,0.0,BrandB,45.48
P0850,BrandC Along,Personal Care,BrandC,178.1,321.09,44.53,25,0,0.0,BrandC,142.99
P0851,BrandC Away,Personal Care,BrandD,37.63,70.32,46.49,6,0,0.0,BrandC,32.69
P0852,BrandB Stay,Apparel,BrandC,188.39,326.03,42.22,2,0,0.0,BrandB,137.64
P0853,BrandA Since,Apparel,BrandB,82.42,97.75,15.68,0,0,0.0,BrandA,15.33
P0854,BrandD Role,Electronics,BrandA,155.33,244.11,36.37,0,0,0.0,BrandD,88.78
P0855,BrandA Miss,Electronics,Unknown,125.53,147.61,14.96,5,0,0.0,BrandA,22.08
P0856,BrandD Occur,Home & Kitchen,BrandB,53.24,72.18,26.24,10,1,0.1,BrandD,18.94
P0857,BrandB Soon,Apparel,BrandB,10.57,17.94,41.08,4,0,0.0,BrandB,7.37
P0858,BrandC East,Personal Care,BrandD,195.12,309.56,36.97,6,0,0.0,BrandC,114.44
P0859,BrandC Home,Personal Care,BrandB,194.06,335.31,42.13,3,0,0.0,BrandC,141.25
P0860,BrandB Shake,Personal Care,BrandD,107.07,179.4,40.32,2,0,0.0,BrandB,72.33
P0861,BrandC Buy,Home & Kitchen,BrandD,110.24,201.1,45.18,1,0,0.0,BrandC,90.86
P0862,BrandD Reveal,Home & Kitchen,BrandC,85.38,105.88,19.36,4,0,0.0,BrandD,20.5
P0863,BrandA Although,Electronics,BrandB,72.06,109.7,34.31,7,0,0.0,BrandA,37.64
P0864,BrandA Charge,Personal Care,BrandD,63.42,113.48,44.11,17,10,0.5882,BrandA,50.06
P0865,BrandC On,Apparel,Unknown,111.9,142.08,21.24,1,0,0.0,BrandC,30.18
P0866,BrandD Use,Personal Care,BrandB,36.84,64.96,43.29,2,0,0.0,BrandD,28.12
P0867,BrandD Seem,Personal Care,BrandB,56.28,83.3,32.44,0,0,0.0,BrandD,27.02
P0868,BrandB Need,Home & Kitchen,BrandC,131.45,207.53,36.66,4,0,0.0,BrandB,76.08
P0869,BrandC Onto,Personal Care,BrandB,171.43,216.72,20.9,4,0,0.0,BrandC,45.29
P0870,BrandC Accept,Electronics,BrandD,125.46,168.73,25.64,4,0,0.0,BrandC,43.27
P0871,BrandD Sort,Apparel,BrandC,8.78,10.05,12.64,2,0,0.0,BrandD,1.27
P0872,BrandA Range,Apparel,BrandA,60.01,72.76,17.52,4,0,0.0,BrandA,12.75
P0873,BrandD Begin,Electronics,BrandB,22.59,25.15,10.18,1,0,0.0,BrandD,2.56
P0874,BrandB Stop,Home & Kitchen,BrandD,65.76,119.65,45.04,32,0,0.0,BrandB,53.89
P0875,BrandC Worry,Personal Care,BrandA,69.4,129.03,46.21,2,0,0.0,BrandC,59.63
P0876,BrandB Budget,Electronics,BrandC,156.25,181.91,14.11,1,0,0.0,BrandB,25.66
P0877,BrandD Both,Apparel,BrandB,179.66,238.06,24.53,8,0,0.0,BrandD,58.4
P0878,BrandD Bed,Electronics,BrandA,195.05,340.01,42.63,5,1,0.2,BrandD,144.96
P0879,BrandD Son,Personal Care,BrandB,148.84,168.21,11.52,6,0,0.0,BrandD,19.37
P0880,BrandD Tv,Electronics,BrandB,97.2,166.53,41.63,8,0,0.0,BrandD,69.33
P0881,BrandC Who,Home & Kitchen,BrandB,127.69,145.31,12.13,0,0,0.0,BrandC,17.62
P0882,BrandA Worry,Home & Kitchen,BrandD,129.51,165.62,21.8,6,3,0.5,BrandA,36.11
P0883,BrandA Peace,Apparel,BrandA,51.01,76.04,32.92,3,0,0.0,BrandA,25.03
P0884,BrandA Management,Apparel,BrandC,119.02,173.32,31.33,3,0,0.0,BrandA,54.3
P0885,BrandB We,Electronics,BrandA,118.31,203.69,41.92,4,0,0.0,BrandB,85.38
P0886,BrandB Her,Home & Kitchen,BrandA,53.5,82.92,35.48,5,0,0.0,BrandB,29.42
P0887,BrandC Determine,Electronics,BrandA,74.33,92.06,19.26,4,3,0.75,BrandC,17.73
P0888,BrandA One,Apparel,BrandD,50.37,99.91,49.58,3,0,0.0,BrandA,49.54
P0889,BrandC Executive,Personal Care,BrandB,9.16,13.19,30.55,7,2,0.2857,BrandC,4.03
P0890,BrandB In,Home & Kitchen,BrandA,99.63,148.82,33.05,1,0,0.0,BrandB,49.19
P0891,BrandC Between,Personal Care,BrandB,115.51,183.58,37.08,12,0,0.0,BrandC,68.07
P0892,BrandC Effort,Personal Care,BrandC,174.19,285.46,38.98,0,0,0.0,BrandC,111.27
P0893,BrandB Believe,Electronics,Unknown,92.63,170.21,45.58,2,0,0.0,BrandB,77.58
P0894,BrandC End,Personal Care,BrandA,156.3,243.1,35.71,6,0,0.0,BrandC,86.8
P0895,BrandB Mouth,Electronics,BrandC,156.32,205.55,23.95,1,0,0.0,BrandB,49.23
P0896,BrandA Matter,Personal Care,BrandB,107.19,165.91,35.39,5,0,0.0,BrandA,58.72
P0897,BrandB History,Home & Kitchen,BrandC,84.91,118.01,28.05,1,0,0.0,BrandB,33.1
P0898,BrandA Mention,Electronics,BrandA,167.86,204.25,17.82,5,0,0.0,BrandA,36.39
P0899,BrandA Sure,Apparel,BrandA,99.65,118.47,15.89,6,2,0.3333,BrandA,18.82
P0900,BrandD Material,Personal Care,BrandC,14.57,18.92,22.99,8,0,0.0,BrandD,4.35
P0901,BrandA Program,Electronics,BrandB,132.87,257.18,48.34,3,0,0.0,BrandA,124.31
P0902,BrandA Language,Personal Care,BrandA,75.38,133.36,43.48,0,0,0.0,BrandA,57.98
P0903,BrandD Degree,Home & Kitchen,BrandA,165.61,221.79,25.33,8,0,0.0,BrandD,56.18
P0904,BrandA Represent,Electronics,BrandC,20.2,26.15,22.75,0,0,0.0,BrandA,5.95
P0905,BrandA Movement,Electronics,BrandB,108.67,138.07,21.29,4,1,0.25,BrandA,29.4
P0906,BrandB Prevent,Apparel,BrandD,150.49,269.33,44.12,3,0,0.0,BrandB,118.84
P0907,BrandC Into,Personal Care,BrandD,177.15,221.46,20.01,7,0,0.0,BrandC,44.31
P0908,BrandB Everybody,Personal Care,BrandC,133.22,210.56,36.73,3,1,0.3333,BrandB,77.34
P0909,BrandD Lawyer,Home & Kitchen,BrandC,112.27,224.22,49.93,4,0,0.0,BrandD,111.95
P0910,BrandC Police,Personal Care,BrandD,166.1,231.06,28.11,5,0,0.0,BrandC,64.96
P0911,BrandB Type,Apparel,BrandD,154.31,298.36,48.28,4,0,0.0,BrandB,144.05
P0912,BrandC Name,Home & Kitchen,BrandD,92.26,134.46,31.38,2,0,0.0,BrandC,42.2
P0913,BrandA Group,Home & Kitchen,BrandA,105.93,211.23,49.85,4,0,0.0,BrandA,105.3
P0914,BrandC Skin,Electronics,BrandC,196.96,254.74,22.68,5,1,0.2,BrandC,57.78
P0915,BrandC Machine,Electronics,BrandC,184.23,287.43,35.9,2,0,0.0,BrandC,103.2
P0916,BrandB Answer,Electronics,BrandA,94.77,117.56,19.39,4,0,0.0,BrandB,22.79
P0917,BrandC Ago,Home & Kitchen,BrandB,50.43,92.29,45.36,1,0,0.0,BrandC,41.86
P0918,BrandA Decision,Personal Care,BrandB,148.18,259.5,42.9,1,0,0.0,BrandA,111.32
P0919,BrandD Inside,Apparel,BrandD,166.01,285.64,41.88,4,0,0.0,BrandD,119.63
P0920,BrandA Player,Home & Kitchen,BrandA,147.5,238.75,38.22,1,0,0.0,BrandA,91.25
P0921,BrandA Help,Electronics,BrandC,72.85,133.71,45.52,0,0,0.0,BrandA,60.86
P0922,BrandD Himself,Electronics,BrandB,150.8,281.17,46.37,5,0,0.0,BrandD,130.37
P0923,BrandA A,Personal Care,BrandA,64.43,73.26,12.05,4,0,0.0,BrandA,8.83
P0924,BrandB Measure,Home & Kitchen,BrandB,34.87,59.5,41.39,5,0,0.0,BrandB,24.63
P0925,BrandD Couple,Personal Care,BrandA,48.31,65.74,26.51,5,0,0.0,BrandD,17.43
P0926,BrandD Skill,Apparel,BrandB,70.55,107.82,34.57,2,0,0.0,BrandD,37.27
P0927,BrandA Past,Personal Care,BrandC,21.59,33.5,35.55,5,0,0.0,BrandA,11.91
P0928,BrandB Present,Apparel,BrandD,114.06,175.55,35.03,8,2,0.25,BrandB,61.49
P0929,BrandB Information,Apparel,BrandB,18.97,34.13,44.42,6,0,0.0,BrandB,15.16
P0930,BrandC Other,Electronics,BrandA,135.99,201.43,32.49,11,2,0.1818,BrandC,65.44
P0931,BrandC Hot,Apparel,BrandC,72.18,121.97,40.82,2,0,0.0,BrandC,49.79
P0932,BrandC Apply,Apparel,BrandC,125.16,249.21,49.78,2,0,0.0,BrandC,124.05
P0933,BrandD Old,Apparel,BrandD,13.75,25.25,45.54,3,0,0.0,BrandD,11.5
P0934,BrandB Personal,Home & Kitchen,BrandB,152.76,285.28,46.45,9,0,0.0,BrandB,132.52
P0935,BrandA My,Electronics,BrandB,190.04,367.55,48.3,7,2,0.2857,BrandA,177.51
P0936,BrandC Baby,Electronics,BrandC,140.29,168.37,16.68,4,0,0.0,BrandC,28.08
P0937,BrandD Catch,Personal Care,BrandA,69.72,123.13,43.38,1,0,0.0,BrandD,53.41
P0938,BrandB Worry,Apparel,BrandC,112.02,186.04,39.79,3,0,0.0,BrandB,74.02
P0939,BrandB Listen,Electronics,BrandD,118.69,201.44,41.08,6,0,0.0,BrandB,82.75
P0940,BrandA Past,Home & Kitchen,BrandB,16.72,21.41,21.91,4,0,0.0,BrandA,4.69
P0941,BrandC Cut,Electronics,BrandD,132.68,146.94,9.7,1,0,0.0,BrandC,14.26
P0942,BrandD Similar,Home & Kitchen,BrandC,173.54,193.87,10.49,7,0,0.0,BrandD,20.33
P0943,BrandD Because,Apparel,BrandD,104.17,181.12,42.49,14,0,0.0,BrandD,76.95
P0944,BrandC Development,Personal Care,BrandA,41.35,64.12,35.51,7,0,0.0,BrandC,22.77
P0945,BrandD Far,Electronics,BrandA,53.24,83.93,36.57,5,0,0.0,BrandD,30.69
P0946,BrandC Often,Personal Care,BrandD,150.16,167.66,10.44,0,0,0.0,BrandC,17.5
P0947,BrandC International,Home & Kitchen,BrandC,51.06,101.12,49.51,3,0,0.0,BrandC,50.06
P0948,BrandC Sister,Electronics,BrandC,176.34,335.29,47.41,4,0,0.0,BrandC,158.95
P0949,BrandA Fall,Home & Kitchen,BrandB,34.58,65.96,47.57,8,0,0.0,BrandA,31.38
P0950,BrandB Also,Electronics,Unknown,106.54,182.2,41.53,23,3,0.1304,BrandB,75.66
P0951,BrandB Space,Personal Care,BrandB,116.72,173.19,32.61,3,0,0.0,BrandB,56.47
P0952,BrandC Her,Home & Kitchen,BrandD,110.74,142.42,22.24,0,0,0.0,BrandC,31.68
P0953,BrandB Tax,Apparel,BrandB,65.25,113.18,42.35,2,0,0.0,BrandB,47.93
P0954,BrandB Hotel,Personal Care,BrandB,132.97,213.86,37.82,2,0,0.0,BrandB,80.89
P0955,BrandB Power,Home & Kitchen,BrandA,113.68,222.1,48.82,9,0,0.0,BrandB,108.42
P0956,BrandA Beat,Apparel,BrandC,168.71,207.68,18.76,0,0,0.0,BrandA,38.97
P0957,BrandA Sense,Home & Kitchen,BrandD,192.43,264.21,27.17,2,0,0.0,BrandA,71.78
P0958,BrandC It,Apparel,BrandB,25.82,32.7,21.04,0,0,0.0,BrandC,6.88
P0959,BrandC Figure,Apparel,BrandB,50.03,56.21,10.99,9,0,0.0,BrandC,6.18
P0960,BrandA Whatever,Personal Care,BrandB,102.95,169.27,39.18,2,0,0.0,BrandA,66.32
P0961,BrandC Research,Apparel,BrandD,100.83,123.39,18.28,4,1,0.25,BrandC,22.56
P0962,BrandB Image,Apparel,BrandA,84.67,166.96,49.29,1,1,1.0,BrandB,82.29
P0963,BrandC Ability,Personal Care,BrandB,149.76,297.94,49.73,2,0,0.0,BrandC,148.18
P0964,BrandB Board,Electronics,BrandB,185.79,369.18,49.67,0,0,0.0,BrandB,183.39
P0965,BrandD Produce,Home & Kitchen,BrandD,178.08,264.41,32.65,2,0,0.0,BrandD,86.33
P0966,BrandA Nature,Personal Care,BrandC,81.86,159.24,48.59,3,0,0.0,BrandA,77.38
P0967,BrandA It,Electronics,BrandD,94.1,177.85,47.09,8,0,0.0,BrandA,83.75
P0968,BrandB Long,Personal Care,BrandA,113.75,177.96,36.08,3,0,0.0,BrandB,64.21
P0969,BrandA Team,Apparel,BrandC,90.71,171.98,47.26,14,0,0.0,BrandA,81.27
P0970,BrandC Woman,Personal Care,BrandB,87.38,144.34,39.46,8,6,0.75,BrandC,56.96
P0971,BrandA Enjoy,Apparel,BrandD,166.83,251.33,33.62,1,0,0.0,BrandA,84.5
P0972,BrandA Only,Apparel,BrandB,81.65,113.58,28.11,3,1,0.3333,BrandA,31.93
P0973,BrandA Water,Apparel,BrandD,120.11,209.16,42.58,23,0,0.0,BrandA,89.05
P0974,BrandB Or,Personal Care,Unknown,53.77,92.62,41.95,3,0,0.0,BrandB,38.85
P0975,BrandB Mission,Electronics,BrandA,27.26,41.01,33.53,3,0,0.0,BrandB,13.75
P0976,BrandC Face,Electronics,BrandD,146.74,290.2,49.43,4,0,0.0,BrandC,143.46
P0977,BrandB Sometimes,Personal Care,BrandD,13.56,17.0,20.24,1,0,0.0,BrandB,3.44
P0978,BrandC Ability,Apparel,BrandB,174.42,219.94,20.7,2,0,0.0,BrandC,45.52
P0979,BrandA Order,Personal Care,BrandC,65.36,117.11,44.19,7,0,0.0,BrandA,51.75
P0980,BrandD Set,Home & Kitchen,BrandB,27.92,34.02,17.93,4,2,0.5,BrandD,6.1
P0981,BrandB Four,Electronics,BrandC,7.38,11.42,35.38,6,0,0.0,BrandB,4.04
P0982,BrandD Visit,Electronics,BrandD,51.39,83.76,38.65,4,0,0.0,BrandD,32.37
P0983,BrandD Garden,Personal Care,BrandD,91.17,149.62,39.07,6,0,0.0,BrandD,58.45
P0984,BrandA Cover,Apparel,BrandC,125.85,201.59,37.57,1,0,0.0,BrandA,75.74
P0985,BrandB Play,Electronics,BrandB,33.91,57.24,40.76,6,0,0.0,BrandB,23.33
P0986,BrandA Film,Apparel,BrandA,135.06,250.43,46.07,2,0,0.0,BrandA,115.37
P0987,BrandC Author,Home & Kitchen,BrandA,14.56,21.48,32.22,0,0,0.0,BrandC,6.92
P0988,BrandB Walk,Apparel,Unknown,124.16,213.85,41.94,0,0,0.0,BrandB,89.69
P0989,BrandB Eat,Personal Care,BrandC,186.64,220.95,15.53,3,0,0.0,BrandB,34.31
P0990,BrandC Apply,Home & Kitchen,BrandC,180.02,330.92,45.6,3,0,0.0,BrandC,150.9
P0991,BrandD Stand,Electronics,BrandC,96.81,117.12,17.34,1,0,0.0,BrandD,20.31
P0992,BrandC Pressure,Home & Kitchen,BrandD,107.31,185.24,42.07,3,0,0.0,BrandC,77.93
P0993,BrandA Morning,Electronics,BrandA,99.31,170.79,41.85,7,3,0.4286,BrandA,71.48
P0994,BrandC Bag,Personal Care,BrandC,55.63,89.99,38.18,2,0,0.0,BrandC,34.36
P0995,BrandC Base,Apparel,BrandD,106.34,177.45,40.07,5,1,0.2,BrandC,71.11
P0996,BrandD Care,Apparel,BrandB,143.17,283.67,49.53,0,0,0.0,BrandD,140.5
P0997,BrandA Dream,Electronics,BrandA,95.65,173.8,44.97,3,2,0.6667,BrandA,78.15
P0998,BrandB Stuff,Personal Care,BrandD,13.87,19.62,29.31,3,0,0.0,BrandB,5.75
P0999,BrandB Public,Electronics,BrandB,139.55,185.46,24.75,6,0,0.0,BrandB,45.91
P1000,BrandA Bed,Home & Kitchen,BrandC,103.8,144.44,28.14,6,0,0.0,BrandA,40.64
P1001,BrandA Present,Electronics,Unknown,71.57,125.39,42.92,7,3,0.4286,BrandA,53.82
P1002,BrandA Lot,Apparel,BrandB,69.45,97.52,28.78,5,0,0.0,BrandA,28.07
P1003,BrandD Floor,Personal Care,BrandA,130.9,200.71,34.78,0,0,0.0,BrandD,69.81
P1004,BrandD Bill,Home & Kitchen,BrandD,157.88,232.49,32.09,8,0,0.0,BrandD,74.61
P1005,BrandA Arm,Home & Kitchen,BrandC,113.26,126.49,10.46,2,0,0.0,BrandA,13.23
P1006,BrandC Role,Home & Kitchen,BrandA,194.07,262.46,26.06,9,0,0.0,BrandC,68.39
P1007,BrandA Few,Home & Kitchen,BrandD,127.17,236.3,46.18,0,0,0.0,BrandA,109.13
P1008,BrandD Smile,Apparel,BrandA,173.6,308.38,43.71,1,0,0.0,BrandD,134.78
P1009,BrandC Then,Electronics,BrandC,85.7,132.61,35.37,0,0,0.0,BrandC,46.91
P1010,BrandB Future,Home & Kitchen,BrandD,166.74,228.83,27.13,5,0,0.0,BrandB,62.09
P1011,BrandC Receive,Apparel,BrandA,77.97,88.39,11.79,2,1,0.5,BrandC,10.42
P1012,BrandB Up,Electronics,BrandD,103.67,188.59,45.03,1,0,0.0,BrandB,84.92
P1013,BrandB Wide,Apparel,BrandC,185.11,325.64,43.16,7,0,0.0,BrandB,140.53
P1014,BrandC Still,Home & Kitchen,BrandB,155.05,184.27,15.86,10,2,0.2,BrandC,29.22
P1015,BrandB Southern,Apparel,BrandA,94.58,164.79,42.61,1,0,0.0,BrandB,70.21
P1016,BrandA Watch,Electronics,BrandC,186.81,321.0,41.8,5,0,0.0,BrandA,134.19
P1017,BrandA Election,Home & Kitchen,BrandD,178.39,212.78,16.16,7,0,0.0,BrandA,34.39
P1018,BrandC Participant,Electronics,BrandC,129.58,167.01,22.41,7,2,0.2857,BrandC,37.43
P1019,BrandB Try,Apparel,BrandC,58.95,81.78,27.92,4,0,0.0,BrandB,22.83
P1020,BrandD Oil,Electronics,BrandC,34.12,45.93,25.71,2,0,0.0,BrandD,11.81
P1021,BrandA See,Electronics,BrandB,110.79,176.65,37.28,5,0,0.0,BrandA,65.86
P1022,BrandC Much,Apparel,BrandC,116.95,146.67,20.26,4,0,0.0,BrandC,29.72
P1023,BrandC Magazine,Home & Kitchen,BrandD,14.89,16.77,11.21,3,0,0.0,BrandC,1.88
P1024,BrandA None,Electronics,BrandD,15.49,22.98,32.59,1,0,0.0,BrandA,7.49
P1025,BrandB Recent,Personal Care,BrandC,65.93,121.03,45.53,6,0,0.0,BrandB,55.1
P1026,BrandA Network,Personal Care,BrandB,23.12,42.13,45.12,2,0,0.0,BrandA,19.01
P1027,BrandD Source,Electronics,BrandD,65.53,110.09,40.48,2,0,0.0,BrandD,44.56
P1028,BrandD Tree,Personal Care,BrandB,189.75,233.27,18.66,3,0,0.0,BrandD,43.52
P1029,BrandC Energy,Home & Kitchen,BrandD,40.75,78.47,48.07,0,0,0.0,BrandC,37.72
P1030,BrandC Important,Home & Kitchen,BrandD,100.06,115.95,13.7,5,2,0.4,BrandC,15.89
P1031,BrandA Seek,Home & Kitchen,BrandD,94.94,119.03,20.24,2,1,0.5,BrandA,24.09
P1032,BrandC Travel,Apparel,BrandA,84.11,146.59,42.62,9,0,0.0,BrandC,62.48
P1033,BrandA Life,Home & Kitchen,BrandA,159.52,251.96,36.69,3,0,0.0,BrandA,92.44
P1034,BrandD Left,Personal Care,BrandB,126.07,200.85,37.23,6,2,0.3333,BrandD,74.78
P1035,BrandD Several,Personal Care,BrandA,71.44,130.92,45.43,5,0,0.0,BrandD,59.48
P1036,BrandD Knowledge,Personal Care,BrandC,111.18,145.93,23.81,1,1,1.0,BrandD,34.75
P1037,BrandA Try,Personal Care,BrandA,120.47,182.71,34.06,0,0,0.0,BrandA,62.24
P1038,BrandA Store,Personal Care,BrandB,65.07,95.34,31.75,2,1,0.5,BrandA,30.27
P1039,BrandA Owner,Personal Care,BrandC,101.39,171.77,40.97,5,0,0.0,BrandA,70.38
P1040,BrandA Series,Apparel,BrandB,178.02,340.54,47.72,0,0,0.0,BrandA,162.52
P1041,BrandA Gas,Apparel,BrandB,93.33,127.15,26.6,3,0,0.0,BrandA,33.82
P1042,BrandD Economic,Apparel,BrandB,137.9,190.98,27.79,1,0,0.0,BrandD,53.08
P1043,BrandC Apply,Personal Care,BrandC,198.11,321.82,38.44,4,0,0.0,BrandC,123.71
P1044,BrandD Relationship,Apparel,BrandC,17.17,32.81,47.67,1,0,0.0,BrandD,15.64
P1045,BrandA Best,Electronics,BrandC,26.39,35.73,26.14,2,0,0.0,BrandA,9.34
P1046,BrandA Back,Apparel,BrandD,141.93,206.49,31.27,3,0,0.0,BrandA,64.56
P1047,BrandC Mission,Personal Care,BrandD,79.41,126.31,37.13,8,2,0.25,BrandC,46.9
P1048,BrandB Almost,Personal Care,BrandB,41.7,60.3,30.85,8,0,0.0,BrandB,18.6
P1049,BrandC Practice,Personal Care,BrandB,61.25,115.48,46.96,3,0,0.0,BrandC,54.23
P1050,BrandB Director,Apparel,BrandA,18.99,21.16,10.26,0,0,0.0,BrandB,2.17
P1051,BrandD Between,Personal Care,BrandB,21.51,36.09,40.4,4,0,0.0,BrandD,14.58
P1052,BrandD Goal,Personal Care,BrandD,126.53,190.93,33.73,6,0,0.0,BrandD,64.4
P1053,BrandD Environment,Personal Care,BrandD,74.28,94.13,21.09,4,0,0.0,BrandD,19.85
P1054,BrandA Box,Personal Care,BrandB,143.87,193.12,25.5,6,0,0.0,BrandA,49.25
P1055,BrandC Red,Electronics,BrandA,115.79,200.83,42.34,2,0,0.0,BrandC,85.04
P1056,BrandA Consumer,Personal Care,BrandA,32.71,57.51,43.12,2,0,0.0,BrandA,24.8
P1057,BrandC Particularly,Personal Care,BrandA,107.05,176.53,39.36,5,0,0.0,BrandC,69.48
P1058,BrandB Letter,Personal Care,BrandA,138.39,219.39,36.92,6,1,0.1667,BrandB,81.0
P1059,BrandC My,Electronics,BrandC,109.33,121.32,9.88,7,0,0.0,BrandC,11.99
P1060,BrandD Force,Personal Care,BrandC,87.1,171.11,49.1,4,2,0.5,BrandD,84.01
P1061,BrandC Rate,Home & Kitchen,BrandB,11.89,22.95,48.19,2,2,1.0,BrandC,11.06
P1062,BrandC New,Home & Kitchen,BrandA,127.71,206.93,38.28,4,0,0.0,BrandC,79.22
P1063,BrandA Game,Home & Kitchen,BrandA,60.93,71.55,14.84,3,0,0.0,BrandA,10.62
P1064,BrandA After,Home & Kitchen,BrandC,30.85,41.74,26.09,2,0,0.0,BrandA,10.89
P1065,BrandC Seem,Electronics,Unknown,122.75,235.57,47.89,10,0,0.0,BrandC,112.82
P1066,BrandB Human,Personal Care,BrandC,162.53,217.0,25.1,0,0,0.0,BrandB,54.47
P1067,BrandB Move,Personal Care,BrandB,160.88,301.78,46.69,5,0,0.0,BrandB,140.9
P1068,BrandC Throughout,Electronics,BrandB,121.13,222.82,45.64,4,2,0.5,BrandC,101.69
P1069,BrandD And,Personal Care,BrandD,51.4,76.9,33.16,1,0,0.0,BrandD,25.5
P1070,BrandB Gas,Apparel,BrandC,15.59,20.86,25.26,7,0,0.0,BrandB,5.27
P1071,BrandA Across,Electronics,BrandB,95.48,145.95,34.58,8,0,0.0,BrandA,50.47
P1072,BrandD Pay,Apparel,BrandD,138.28,200.65,31.08,7,0,0.0,BrandD,62.37
P1073,BrandC Not,Apparel,BrandD,7.31,14.14,48.3,3,0,0.0,BrandC,6.83
P1074,BrandD Contain,Personal Care,BrandC,192.54,330.13,41.68,2,0,0.0,BrandD,137.59
P1075,BrandA Those,Electronics,BrandC,191.46,285.01,32.82,7,0,0.0,BrandA,93.55
P1076,BrandC Enjoy,Home & Kitchen,BrandC,57.08,67.84,15.86,3,0,0.0,BrandC,10.76
P1077,BrandD Affect,Personal Care,BrandB,148.19,241.53,38.65,1,0,0.0,BrandD,93.34
P1078,BrandB Recognize,Home & Kitchen,BrandB,66.09,73.33,9.87,2,0,0.0,BrandB,7.24
P1079,BrandA New,Electronics,BrandA,85.19,133.98,36.42,0,0,0.0,BrandA,48.79
P1080,BrandD American,Home & Kitchen,BrandB,146.42,194.26,24.63,0,0,0.0,BrandD,47.84
P1081,BrandA Compare,Electronics,BrandA,16.09,26.3,38.82,3,0,0.0,BrandA,10.21
P1082,BrandB Financial,Electronics,BrandA,21.85,35.93,39.19,9,0,0.0,BrandB,14.08
P1083,BrandD Part,Apparel,BrandA,140.65,186.78,24.7,3,0,0.0,BrandD,46.13
P1084,BrandD Man,Electronics,BrandD,184.93,249.42,25.86,1,0,0.0,BrandD,64.49
P1085,BrandD Media,Home & Kitchen,BrandC,36.58,42.67,14.27,7,0,0.0,BrandD,6.09
P1086,BrandA Language,Personal Care,BrandD,69.87,80.63,13.34,8,0,0.0,BrandA,10.76
P1087,BrandC Drive,Apparel,BrandD,18.53,36.72,49.54,7,0,0.0,BrandC,18.19
P1088,BrandB Back,Personal Care,BrandB,130.87,156.73,16.5,5,0,0.0,BrandB,25.86
P1089,BrandD Song,Apparel,BrandA,182.96,319.06,42.66,0,0,0.0,BrandD,136.1
P1090,BrandA This,Electronics,BrandA,18.73,32.87,43.02,2,0,0.0,BrandA,14.14
P1091,BrandD Not,Electronics,BrandD,34.03,57.04,40.34,1,0,0.0,BrandD,23.01
P1092,BrandA Himself,Personal Care,BrandC,34.56,48.28,28.42,3,0,0.0,BrandA,13.72
P1093,BrandD Hand,Electronics,BrandD,98.24,143.78,31.67,9,0,0.0,BrandD,45.54
P1094,BrandA Vote,Apparel,BrandA,79.96,137.56,41.87,4,1,0.25,BrandA,57.6
P1095,BrandD Concern,Electronics,BrandC,70.02,96.11,27.15,5,1,0.2,BrandD,26.09
P1096,BrandA Here,Electronics,BrandC,109.25,214.66,49.11,3,0,0.0,BrandA,105.41
P1097,BrandA Executive,Personal Care,BrandC,131.32,165.33,20.57,7,0,0.0,BrandA,34.01
P1098,BrandA Support,Personal Care,BrandB,63.28,91.83,31.09,8,3,0.375,BrandA,28.55
P1099,BrandA When,Home & Kitchen,BrandD,21.55,35.98,40.11,1,0,0.0,BrandA,14.43
P1100,BrandB Standard,Apparel,BrandA,42.65,74.54,42.78,2,0,0.0,BrandB,31.89
P1101,BrandB Term,Personal Care,BrandD,17.28,27.41,36.96,4,0,0.0,BrandB,10.13
P1102,BrandC Up,Personal Care,BrandD,193.48,215.69,10.3,1,0,0.0,BrandC,22.21
P1103,BrandC Major,Electronics,BrandC,158.62,180.59,12.17,5,0,0.0,BrandC,21.97
P1104,BrandA Reason,Apparel,BrandD,188.32,354.64,46.9,5,0,0.0,BrandA,166.32
P1105,BrandB Important,Apparel,BrandA,12.19,14.96,18.52,6,0,0.0,BrandB,2.77
P1106,BrandA Interest,Personal Care,BrandA,52.32,88.1,40.61,8,0,0.0,BrandA,35.78
P1107,BrandA Too,Apparel,BrandA,181.41,333.55,45.61,7,0,0.0,BrandA,152.14
P1108,BrandA Send,Personal Care,Unknown,167.89,194.34,13.61,1,0,0.0,BrandA,26.45
P1109,BrandA Detail,Electronics,BrandD,121.02,200.18,39.54,8,0,0.0,BrandA,79.16
P1110,BrandA Trip,Apparel,BrandD,70.78,131.11,46.01,3,0,0.0,BrandA,60.33
P1111,BrandD Magazine,Home & Kitchen,BrandA,195.29,316.05,38.21,0,0,0.0,BrandD,120.76
P1112,BrandB Outside,Home & Kitchen,BrandB,154.02,251.63,38.79,2,0,0.0,BrandB,97.61
P1113,BrandC Usually,Electronics,BrandA,58.41,104.07,43.87,0,0,0.0,BrandC,45.66
P1114,BrandB Strong,Home & Kitchen,BrandB,90.54,175.02,48.27,12,0,0.0,BrandB,84.48
P1115,BrandA Become,Apparel,Unknown,159.26,265.8,40.08,9,0,0.0,BrandA,106.54
P1116,BrandD Hard,Apparel,BrandA,176.53,207.01,14.72,4,0,0.0,BrandD,30.48
P1117,BrandA Until,Apparel,BrandA,142.81,233.4,38.81,2,0,0.0,BrandA,90.59
P1118,BrandC Total,Personal Care,BrandD,140.01,179.99,22.21,7,3,0.4286,BrandC,39.98
P1119,BrandC Street,Personal Care,BrandD,51.65,64.93,20.45,6,0,0.0,BrandC,13.28
P1120,BrandA City,Apparel,Unknown,124.35,146.64,15.2,1,0,0.0,BrandA,22.29
P1121,BrandC Wife,Home & Kitchen,BrandD,5.89,7.73,23.8,7,0,0.0,BrandC,1.84
P1122,BrandA Push,Electronics,BrandC,173.23,344.4,49.7,2,0,0.0,BrandA,171.17
P1123,BrandB Choice,Personal Care,BrandB,58.9,75.06,21.53,27,0,0.0,BrandB,16.16
P1124,BrandB Road,Personal Care,BrandD,39.38,67.07,41.29,11,2,0.1818,BrandB,27.69
P1125,BrandA Box,Electronics,BrandC,60.59,90.35,32.94,2,0,0.0,BrandA,29.76
P1126,BrandC Paper,Personal Care,BrandA,25.36,29.09,12.82,8,0,0.0,BrandC,3.73
P1127,BrandB Daughter,Apparel,BrandA,99.59,119.95,16.97,8,0,0.0,BrandB,20.36
P1128,BrandB Simply,Personal Care,BrandC,86.72,153.7,43.58,3,0,0.0,BrandB,66.98
P1129,BrandC They,Apparel,BrandA,68.6,81.51,15.84,3,1,0.3333,BrandC,12.91
P1130,BrandD Experience,Apparel,BrandD,178.82,208.54,14.25,6,2,0.3333,BrandD,29.72
P1131,BrandD Represent,Electronics,BrandD,33.26,64.36,48.32,3,0,0.0,BrandD,31.1
P1132,BrandD Open,Apparel,BrandD,77.83,117.68,33.86,3,0,0.0,BrandD,39.85
P1133,BrandB Care,Home & Kitchen,BrandC,44.43,53.96,17.66,7,1,0.1429,BrandB,9.53
P1134,BrandA Goal,Home & Kitchen,BrandB,26.67,40.51,34.16,6,0,0.0,BrandA,13.84
P1135,BrandD Call,Apparel,Unknown,47.87,65.37,26.77,9,0,0.0,BrandD,17.5
P1136,BrandB Parent,Apparel,BrandB,21.86,40.91,46.57,2,0,0.0,BrandB,19.05
P1137,BrandD Region,Apparel,BrandD,168.21,227.29,25.99,0,0,0.0,BrandD,59.08
P1138,BrandD Any,Apparel,BrandB,68.82,111.59,38.33,2,0,0.0,BrandD,42.77
P1139,BrandB Condition,Electronics,BrandD,196.14,222.83,11.98,7,0,0.0,BrandB,26.69
P1140,BrandD Research,Electronics,BrandD,108.57,166.26,34.7,0,0,0.0,BrandD,57.69
P1141,BrandA Cut,Personal Care,BrandD,51.9,83.18,37.61,4,0,0.0,BrandA,31.28
P1142,BrandA Language,Personal Care,BrandB,30.88,42.19,26.81,3,0,0.0,BrandA,11.31
P1143,BrandA Black,Electronics,BrandD,135.46,168.73,19.72,4,0,0.0,BrandA,33.27
P1144,BrandD Enough,Electronics,BrandD,95.43,116.88,18.35,1,0,0.0,BrandD,21.45
P1145,BrandD Likely,Apparel,BrandC,127.23,220.55,42.31,0,0,0.0,BrandD,93.32
P1146,BrandA Road,Electronics,BrandD,179.22,250.84,28.55,4,1,0.25,BrandA,71.62
P1147,BrandA Stop,Home & Kitchen,BrandD,151.81,262.37,42.14,6,0,0.0,BrandA,110.56
P1148,BrandB Low,Electronics,BrandC,148.47,170.64,12.99,0,0,0.0,BrandB,22.17
P1149,BrandC Let,Electronics,BrandA,79.68,121.02,34.16,1,1,1.0,BrandC,41.34
P1150,BrandA Stand,Home & Kitchen,BrandC,39.18,62.8,37.61,2,0,0.0,BrandA,23.62
P1151,BrandA Radio,Apparel,BrandB,196.34,258.14,23.94,8,0,0.0,BrandA,61.8
P1152,BrandA Several,Personal Care,BrandB,151.87,271.06,43.97,3,0,0.0,BrandA,119.19
P1153,BrandC Air,Home & Kitchen,BrandC,103.2,152.8,32.46,12,0,0.0,BrandC,49.6
P1154,BrandA Song,Electronics,BrandC,72.32,111.2,34.96,4,0,0.0,BrandA,38.88
P1155,BrandA My,Personal Care,BrandC,93.14,133.31,30.13,0,0,0.0,BrandA,40.17
P1156,BrandA Probably,Apparel,BrandD,22.03,31.98,31.11,2,0,0.0,BrandA,9.95
P1157,BrandB Than,Home & Kitchen,BrandA,26.33,35.5,25.83,6,0,0.0,BrandB,9.17
P1158,BrandB Yet,Personal Care,BrandB,175.62,275.48,36.25,8,0,0.0,BrandB,99.86
P1159,BrandA Open,Home & Kitchen,BrandD,194.07,308.05,37.0,4,0,0.0,BrandA,113.98
P1160,BrandB Yes,Personal Care,BrandC,86.93,153.34,43.31,2,0,0.0,BrandB,66.41
P1161,BrandA Cost,Home & Kitchen,BrandB,17.28,32.57,46.95,1,0,0.0,BrandA,15.29
P1162,BrandB Put,Home & Kitchen,BrandD,117.85,199.19,40.84,4,0,0.0,BrandB,81.34
P1163,BrandC Sport,Personal Care,BrandD,94.31,151.89,37.91,2,0,0.0,BrandC,57.58
P1164,BrandC Already,Apparel,BrandC,49.22,70.62,30.3,1,0,0.0,BrandC,21.4
P1165,BrandC Surface,Electronics,BrandB,73.86,111.55,33.79,6,2,0.3333,BrandC,37.69
P1166,BrandB Not,Apparel,BrandC,40.54,50.99,20.49,3,0,0.0,BrandB,10.45
P1167,BrandB Least,Apparel,BrandB,27.8,55.44,49.86,2,0,0.0,BrandB,27.64
P1168,BrandB Series,Personal Care,BrandC,77.09,99.03,22.15,3,0,0.0,BrandB,21.94
P1169,BrandA Phone,Home & Kitchen,BrandC,33.85,50.9,33.5,7,0,0.0,BrandA,17.05
P1170,BrandB Science,Home & Kitchen,BrandA,184.48,270.1,31.7,3,0,0.0,BrandB,85.62
P1171,BrandD Tax,Apparel,BrandD,185.92,230.62,19.38,6,0,0.0,BrandD,44.7
P1172,BrandC Break,Home & Kitchen,Unknown,179.72,354.52,49.31,9,0,0.0,BrandC,174.8
P1173,BrandB Each,Personal Care,BrandC,139.38,245.1,43.13,5,0,0.0,BrandB,105.72
P1174,BrandA Road,Apparel,BrandA,65.08,95.11,31.57,7,0,0.0,BrandA,30.03
P1175,BrandB Him,Personal Care,BrandC,23.03,26.47,13.0,5,1,0.2,BrandB,3.44
P1176,BrandB Young,Apparel,BrandC,43.16,50.72,14.91,4,0,0.0,BrandB,7.56
P1177,BrandD Together,Electronics,BrandD,42.92,59.49,27.85,7,2,0.2857,BrandD,16.57
P1178,BrandA Record,Home & Kitchen,Unknown,33.85,63.25,46.48,7,1,0.1429,BrandA,29.4
P1179,BrandC Movement,Personal Care,BrandC,7.38,10.41,29.11,3,0,0.0,BrandC,3.03
P1180,BrandC Agency,Personal Care,BrandA,47.06,89.37,47.34,6,0,0.0,BrandC,42.31
P1181,BrandD Certain,Personal Care,BrandC,36.94,64.84,43.03,7,0,0.0,BrandD,27.9
P1182,BrandD Measure,Personal Care,BrandB,167.92,275.08,38.96,11,0,0.0,BrandD,107.16
P1183,BrandB Analysis,Apparel,BrandC,97.55,183.47,46.83,0,0,0.0,BrandB,85.92
P1184,BrandC Pressure,Electronics,BrandD,22.25,32.67,31.89,6,0,0.0,BrandC,10.42
P1185,BrandC Hold,Personal Care,BrandB,113.38,197.19,42.5,0,0,0.0,BrandC,83.81
P1186,BrandB Activity,Apparel,BrandB,167.3,227.61,26.5,11,0,0.0,BrandB,60.31
P1187,BrandD From,Electronics,BrandC,167.74,230.39,27.19,2,0,0.0,BrandD,62.65
P1188,BrandD Before,Apparel,BrandA,159.29,197.3,19.27,0,0,0.0,BrandD,38.01
P1189,BrandC Cost,Personal Care,BrandA,132.49,252.18,47.46,3,1,0.3333,BrandC,119.69
P1190,BrandD No,Apparel,BrandD,181.82,305.51,40.49,7,0,0.0,BrandD,123.69
P1191,BrandA Ability,Electronics,BrandC,101.14,199.61,49.33,3,0,0.0,BrandA,98.47
P1192,BrandC Tend,Personal Care,BrandD,174.33,290.29,39.95,4,0,0.0,BrandC,115.96
P1193,BrandD Tax,Electronics,BrandC,104.94,169.77,38.19,5,0,0.0,BrandD,64.83
P1194,BrandC Something,Apparel,BrandA,33.5,50.75,33.99,7,0,0.0,BrandC,17.25
P1195,BrandB Challenge,Home & Kitchen,BrandB,15.31,21.82,29.84,6,0,0.0,BrandB,6.51
P1196,BrandC Better,Electronics,BrandC,61.87,103.64,40.3,3,2,0.6667,BrandC,41.77
P1197,BrandA Own,Apparel,BrandB,154.11,252.57,38.98,4,0,0.0,BrandA,98.46
P1198,BrandB Your,Home & Kitchen,BrandC,166.23,285.33,41.74,2,0,0.0,BrandB,119.1
P1199,BrandC Door,Home & Kitchen,BrandC,23.69,38.43,38.36,3,0,0.0,BrandC,14.74
